personid	pgs	intercept	ancestry	age	sex	ancestry_label	age_label	sex_label	pheno
indiv1	-1.207	1	-1.391	1.714	-0.998	1	5	Male	-2.695
indiv2	0.277	1	-1.117	-1.344	-0.998	1	1	Male	0.336
indiv3	1.084	1	0.373	-0.708	1.002	4	2	Female	2.137
indiv4	-2.346	1	0.305	-0.562	1.002	3	2	Female	3.555
indiv5	0.429	1	-1.573	-0.324	-0.998	1	2	Male	0.877
indiv6	0.506	1	0.656	-0.388	1.002	4	2	Female	0.398
indiv7	-0.575	1	0.789	0.421	-0.998	4	4	Male	-2.028
indiv8	-0.547	1	-1.708	-1.244	-0.998	1	1	Male	-0.411
indiv9	-0.564	1	0.864	-0.534	-0.998	4	2	Male	-2.079
indiv10	-0.89	1	-0.523	-0.562	1.002	2	2	Female	1.152
indiv11	-0.477	1	-1.69	-0.386	-0.998	1	2	Male	-1.756
indiv12	-0.998	1	1.489	-0.608	-0.998	5	2	Male	1.609
indiv13	-0.776	1	1.099	1.141	-0.998	5	5	Male	0.297
indiv14	0.064	1	-1.137	0.721	-0.998	1	4	Male	0.384
indiv15	0.959	1	-0.352	0.207	1.002	2	3	Female	-0.223
indiv16	-0.11	1	-0.476	-1.393	1.002	2	1	Female	5.001
indiv17	-0.511	1	-0.914	2.817	1.002	2	5	Female	-2.311
indiv18	-0.911	1	0.762	0.882	-0.998	4	5	Male	-2.482
indiv19	-0.837	1	0.561	1.171	1.002	4	5	Female	0.063
indiv20	2.416	1	-0.77	-1.854	-0.998	2	1	Male	1.741
indiv21	0.134	1	1.357	-0.239	1.002	5	2	Female	4.092
indiv22	-0.491	1	1.205	0.72	-0.998	5	4	Male	0.092
indiv23	-0.441	1	1.502	0.352	1.002	5	4	Female	-0.984
indiv24	0.46	1	-1.667	0.566	1.002	1	4	Female	1.271
indiv25	-0.694	1	-1.387	0.548	-0.998	1	4	Male	-2.501
indiv26	-1.448	1	1.373	-0.445	-0.998	5	2	Male	1.133
indiv27	0.575	1	-0.633	-0.266	-0.998	2	2	Male	0.078
indiv28	-1.024	1	-0.756	-0.92	1.002	2	1	Female	0.645
indiv29	-0.015	1	0.162	1.029	-0.998	3	5	Male	-1.824
indiv30	-0.936	1	-1.31	-1.905	1.002	1	1	Female	-1.017
indiv31	1.102	1	0.051	-0.295	-0.998	3	2	Male	1.519
indiv32	-0.476	1	0.081	0.763	1.002	3	4	Female	0.786
indiv33	-0.709	1	-0.642	-0.224	-0.998	2	3	Male	-1.591
indiv34	-0.501	1	-0.103	1.381	-0.998	3	5	Male	-1.088
indiv35	-1.629	1	-1.756	0.791	-0.998	1	4	Male	-0.935
indiv36	-1.168	1	-0.266	-0.862	1.002	3	1	Female	-0.677
indiv37	-2.18	1	-0.424	-0.081	-0.998	2	3	Male	-3.678
indiv38	-1.341	1	-0.534	-0.012	-0.998	2	3	Male	-0.678
indiv39	-0.294	1	-1.374	0.237	1.002	1	3	Female	-0.202
indiv40	-0.466	1	0.312	-0.535	-0.998	3	2	Male	-1.316
indiv41	1.449	1	0.005	-0.621	-0.998	3	2	Male	-0.379
indiv42	-1.069	1	0.265	-0.277	-0.998	3	2	Male	-0.689
indiv43	-0.855	1	-1.086	0.86	-0.998	1	4	Male	-1.753
indiv44	-0.281	1	1.631	1.064	1.002	5	5	Female	0.77
indiv45	-0.994	1	-0.205	-0.608	1.002	3	2	Female	-0.279
indiv46	-0.969	1	1.639	0.03	-0.998	5	3	Male	0.474
indiv47	-1.107	1	-0.988	-0.992	-0.998	2	1	Male	-2.138
indiv48	-1.252	1	-0.527	-0.757	1.002	2	2	Female	-1.624
indiv49	-0.524	1	-0.595	-0.615	-0.998	2	2	Male	1.392
indiv50	-0.497	1	0.129	-1.298	-0.998	3	1	Male	1.278
indiv51	-1.806	1	-0.556	-1.967	-0.998	2	1	Male	-1.458
indiv52	-0.582	1	0.268	0.72	1.002	3	4	Female	-2.255
indiv53	-1.109	1	1.385	0.37	-0.998	5	4	Male	-4.498
indiv54	-1.015	1	-0.258	-0.829	-0.998	3	2	Male	0.374
indiv55	-0.162	1	0.879	0.904	1.002	4	5	Female	0.772
indiv56	0.563	1	1.215	1.73	-0.998	5	5	Male	0.021
indiv57	1.648	1	-0.362	-2.492	1.002	2	1	Female	2.572
indiv58	-0.773	1	0.197	1.09	1.002	3	5	Female	-0.388
indiv59	1.606	1	-1.404	1.165	1.002	1	5	Female	1.973
indiv60	-1.158	1	0.243	0.124	1.002	3	3	Female	0.85
indiv61	0.657	1	1.192	-0.53	-0.998	5	2	Male	1.561
indiv62	2.549	1	0.138	-1.09	1.002	3	1	Female	2.271
indiv63	-0.035	1	-1.525	-0.875	-0.998	1	1	Male	0.058
indiv64	-0.67	1	-0.973	-0.64	-0.998	2	2	Male	-0.579
indiv65	-0.008	1	-1.375	-2.062	1.002	1	1	Female	1.181
indiv66	1.777	1	1.569	-0.649	-0.998	5	2	Male	1.804
indiv67	-1.139	1	-1.024	0.932	1.002	1	5	Female	0.484
indiv68	1.368	1	-0.478	-0.754	1.002	2	2	Female	-0.968
indiv69	1.33	1	-1.211	1.492	1.002	1	5	Female	-2.886
indiv70	0.336	1	-1.62	-0.072	-0.998	1	3	Male	-0.349
indiv71	0.007	1	-1.149	0.084	-0.998	1	3	Male	-1.33
indiv72	-0.455	1	-1.449	0.437	-0.998	1	4	Male	-3.257
indiv73	-0.367	1	1.361	-0.932	1.002	5	1	Female	2.574
indiv74	0.648	1	-1.156	-0.773	-0.998	1	2	Male	-1.056
indiv75	2.07	1	-0.189	-0.433	-0.998	3	2	Male	1.558
indiv76	-0.153	1	1.042	1.693	1.002	4	5	Female	0.877
indiv77	-1.391	1	-0.96	0.39	1.002	2	4	Female	0.632
indiv78	-0.724	1	0.422	-0.115	1.002	4	3	Female	-3.464
indiv79	0.258	1	0.83	-1.104	1.002	4	1	Female	-1.349
indiv80	-0.317	1	-0.788	-0.108	1.002	2	3	Female	1.872
indiv81	-0.178	1	0.233	0.357	1.002	3	4	Female	-0.057
indiv82	-0.17	1	-1.695	-0.372	1.002	1	2	Female	3.236
indiv83	-1.372	1	-1.4	-0.883	1.002	1	1	Female	-0.719
indiv84	-0.174	1	-0.105	-0.94	-0.998	3	1	Male	-2.873
indiv85	0.85	1	-0.784	-0.236	1.002	2	2	Female	2.007
indiv86	0.698	1	-0.176	0.308	1.002	3	4	Female	-0.838
indiv87	0.55	1	0.669	0.916	-0.998	4	5	Male	1.716
indiv88	-0.403	1	-1.782	-1.316	-0.998	1	1	Male	1.142
indiv89	-0.192	1	1.618	-0.799	-0.998	5	2	Male	2.449
indiv90	-1.195	1	-0.713	-2.005	-0.998	2	1	Male	-0.216
indiv91	-0.053	1	1.508	0.083	1.002	5	3	Female	-0.523
indiv92	0.255	1	0.538	0.67	-0.998	4	4	Male	-0.395
indiv93	1.706	1	1.004	0.223	1.002	4	3	Female	0.469
indiv94	1.002	1	-1.33	1.166	1.002	1	5	Female	-1.113
indiv95	-0.496	1	-0.059	0.541	-0.998	3	4	Male	-2.47
indiv96	0.356	1	-1.155	-0.592	-0.998	1	2	Male	-0.335
indiv97	-1.135	1	-1.642	1.377	-0.998	1	5	Male	-1.406
indiv98	0.878	1	1.26	0.406	1.002	5	4	Female	1.855
indiv99	0.973	1	-0.977	0.536	-0.998	2	4	Male	-1.336
indiv100	2.121	1	-0.4	-0.916	1.002	2	1	Female	2.529
indiv101	0.415	1	-0.339	-0.265	-0.998	2	2	Male	0.532
indiv102	-0.475	1	1.479	-1.206	1.002	5	1	Female	1.982
indiv103	0.066	1	0.616	-0.094	-0.998	4	3	Male	0.846
indiv104	-0.502	1	1.086	1.298	1.002	5	5	Female	-2.864
indiv105	-0.826	1	0.042	-0.466	1.002	3	2	Female	0.17
indiv106	0.167	1	0.396	0.04	1.002	4	3	Female	-0.571
indiv107	-0.896	1	0.04	0.736	-0.998	3	4	Male	-0.6
indiv108	0.168	1	0.586	-1.56	1.002	4	1	Female	4.726
indiv109	0.355	1	1.592	-1.349	1.002	5	1	Female	3.158
indiv110	-0.052	1	0.018	-0.921	-0.998	3	1	Male	0.695
indiv111	-0.196	1	0.486	0.268	-0.998	4	4	Male	-1.145
indiv112	-0.649	1	-0.03	0.055	1.002	3	3	Female	1.548
indiv113	-1.11	1	-0.427	1.184	1.002	2	5	Female	-1.177
indiv114	0.849	1	-1.708	-1.218	1.002	1	1	Female	-0.221
indiv115	0.022	1	-0.621	-0.448	-0.998	2	2	Male	-0.484
indiv116	0.831	1	1.333	-2.058	1.002	5	1	Female	1.094
indiv117	-1.244	1	0.092	1.544	-0.998	3	5	Male	0.563
indiv118	0.169	1	-1.444	1.026	1.002	1	5	Female	0.275
indiv119	0.673	1	-1.062	-0.644	-0.998	1	2	Male	-1.142
indiv120	-0.026	1	-0.336	-0.268	-0.998	2	2	Male	-0.942
indiv121	-0.191	1	1.408	-0.154	1.002	5	3	Female	4.446
indiv122	-0.782	1	-0.22	1.715	1.002	3	5	Female	-2.368
indiv123	2.058	1	-0.437	0.014	-0.998	2	3	Male	-1.02
indiv124	0.751	1	1.003	0.377	-0.998	4	4	Male	0.633
indiv125	1.824	1	-0.745	0.654	-0.998	2	4	Male	0.968
indiv126	0.08	1	0.078	0.644	-0.998	3	4	Male	-2.947
indiv127	-0.631	1	-1.12	-1.641	1.002	1	1	Female	0.772
indiv128	-1.513	1	0.763	0.693	-0.998	4	4	Male	1.476
indiv129	-0.636	1	1.096	-0.918	1.002	5	1	Female	1.805
indiv130	0.226	1	-0.539	-0.054	-0.998	2	3	Male	0.419
indiv131	1.014	1	-1.437	-1.89	-0.998	1	1	Male	0.234
indiv132	0.253	1	-0.696	0.184	1.002	2	3	Female	-0.899
indiv133	-1.172	1	-0.672	-0.996	-0.998	2	1	Male	-2.275
indiv134	0.669	1	0.252	-2.133	1.002	3	1	Female	0.219
indiv135	-1.65	1	0.388	-1.643	1.002	4	1	Female	-2.661
indiv136	-0.366	1	0.793	-1.399	1.002	4	1	Female	1.149
indiv137	-0.316	1	-0.192	0.51	-0.998	3	4	Male	-1.961
indiv138	-1.948	1	0.223	0.277	1.002	3	4	Female	0.154
indiv139	0.92	1	0.305	0.64	1.002	3	4	Female	-0.37
indiv140	-0.623	1	0.203	-0.538	-0.998	3	2	Male	-1.297
indiv141	-0.334	1	-1.46	0.153	1.002	1	3	Female	1.048
indiv142	1.395	1	0.707	0.375	1.002	4	4	Female	2.744
indiv143	0.637	1	-0.623	-0.106	-0.998	2	3	Male	2.17
indiv144	-0.108	1	-0.328	-1.095	1.002	2	1	Female	0.871
indiv145	0.514	1	-1.635	1.07	1.002	1	5	Female	-3.093
indiv146	0.399	1	-1.198	1.592	-0.998	1	5	Male	-2.326
indiv147	1.663	1	-1.09	1.931	-0.998	1	5	Male	-0.285
indiv148	0.276	1	0.749	0.841	1.002	4	4	Female	0.345
indiv149	0.506	1	1.268	-0.205	-0.998	5	3	Male	1.65
indiv150	0.348	1	-0.924	-0.147	-0.998	2	3	Male	0.443
indiv151	-0.377	1	0.308	-0.319	1.002	3	2	Female	5.06
indiv152	0.098	1	1.089	-0.278	1.002	5	2	Female	1.733
indiv153	1.639	1	0.078	-0.073	-0.998	3	3	Male	0.288
indiv154	-0.876	1	1.35	-1.933	1.002	5	1	Female	0.057
indiv155	0.122	1	-1.176	-0.012	-0.998	1	3	Male	-0.788
indiv156	1.362	1	1.139	0.205	1.002	5	3	Female	2.47
indiv157	-0.235	1	-0.779	-0.943	-0.998	2	1	Male	1.272
indiv158	-1.053	1	-0.452	-1.725	-0.998	2	1	Male	0.228
indiv159	-0.87	1	-1.248	-0.372	-0.998	1	2	Male	-2.733
indiv160	-0.39	1	-0.896	-3.046	1.002	2	1	Female	-1.531
indiv161	-0.847	1	0.034	1.596	-0.998	3	5	Male	-3.202
indiv162	-0.261	1	-0.533	0.645	1.002	2	4	Female	1.783
indiv163	-0.414	1	0.931	-0.969	1.002	4	1	Female	-2.208
indiv164	-0.183	1	-1.302	-0.009	1.002	1	3	Female	-1.102
indiv165	0.407	1	0.37	-0.184	1.002	4	3	Female	-1.565
indiv166	0.625	1	0.368	-1.631	1.002	4	1	Female	4.382
indiv167	1.678	1	-0.851	-0.874	1.002	2	1	Female	4.302
indiv168	-0.069	1	0.345	0.912	1.002	4	5	Female	1.697
indiv169	-0.321	1	0.692	-1.142	1.002	4	1	Female	-1.079
indiv170	1.471	1	0.16	-0.751	1.002	3	2	Female	0.97
indiv171	1.704	1	0.487	-0.745	-0.998	4	2	Male	1.175
indiv172	0.043	1	0.53	1.165	-0.998	4	5	Male	-0.509
indiv173	-0.333	1	1.009	-0.208	-0.998	4	3	Male	-1.74
indiv174	-1.822	1	-1.469	0.513	1.002	1	4	Female	-1.582
indiv175	1.411	1	-0.636	0.724	1.002	2	4	Female	2.885
indiv176	-0.838	1	-1.745	-0.391	1.002	1	2	Female	-2.244
indiv177	-1.124	1	-1.373	-1.116	-0.998	1	1	Male	-0.277
indiv178	3.044	1	-1.118	0.141	1.002	1	3	Female	0.863
indiv179	0.235	1	-0.159	-0.37	-0.998	3	2	Male	-0.035
indiv180	-0.033	1	0.119	1.374	-0.998	3	5	Male	-0.367
indiv181	-2.732	1	0.375	-0.527	1.002	4	2	Female	-0.216
indiv182	-0.1	1	-0.981	-0.324	-0.998	2	2	Male	0.898
indiv183	0.976	1	1.499	0.638	-0.998	5	4	Male	-1.58
indiv184	0.414	1	0.945	-0.666	-0.998	4	2	Male	0.736
indiv185	0.912	1	-0.138	-0.041	-0.998	3	3	Male	0.75
indiv186	1.984	1	1.384	0.457	-0.998	5	4	Male	0.843
indiv187	1.169	1	0.537	-0.415	1.002	4	2	Female	0.041
indiv188	-0.509	1	-0.807	-1.196	-0.998	2	1	Male	1.704
indiv189	0.704	1	-0.157	0.279	-0.998	3	4	Male	0.777
indiv190	-0.198	1	0.297	-0.294	-0.998	3	2	Male	0.965
indiv191	-0.538	1	1.653	-1.979	-0.998	5	1	Male	-1.187
indiv192	-2.856	1	1.302	0.238	-0.998	5	3	Male	-2.121
indiv193	-0.79	1	1.391	0.104	-0.998	5	3	Male	-3.08
indiv194	0.488	1	1.248	-1.649	-0.998	5	1	Male	1.416
indiv195	2.168	1	-0.362	-0.532	-0.998	2	2	Male	-1.434
indiv196	0.501	1	-0.861	-0.193	-0.998	2	3	Male	-2.645
indiv197	0.62	1	-0.218	-0.562	-0.998	3	2	Male	0.629
indiv198	-0.966	1	-0.934	0.511	1.002	2	4	Female	-3.259
indiv199	0.163	1	-0.071	-1.549	1.002	3	1	Female	0.204
indiv200	-2.078	1	-0.791	-0.947	1.002	2	1	Female	0.239
indiv201	0.485	1	0.117	-0.459	1.002	3	2	Female	0.771
indiv202	0.697	1	-0.264	1.375	-0.998	3	5	Male	-0.047
indiv203	0.186	1	-0.789	-0.174	-0.998	2	3	Male	-1.591
indiv204	0.701	1	-0.165	-1.013	-0.998	3	1	Male	-0.353
indiv205	0.312	1	0.071	1.466	-0.998	3	5	Male	-2.3
indiv206	0.76	1	0.92	-0.247	1.002	4	2	Female	-1.721
indiv207	1.842	1	-0.939	0.511	1.002	2	4	Female	0.778
indiv208	1.112	1	-1.495	1.063	-0.998	1	5	Male	-1.353
indiv209	0.033	1	-1.312	0.373	-0.998	1	4	Male	-0.545
indiv210	-1.114	1	0.617	1.236	1.002	4	5	Female	-2.313
indiv211	0.418	1	0.971	-0.789	-0.998	4	2	Male	-0.35
indiv212	-0.4	1	-0.115	1.524	-0.998	3	5	Male	1.033
indiv213	1.493	1	0.813	-1.788	-0.998	4	1	Male	1.78
indiv214	-1.607	1	-1.428	-0.968	-0.998	1	1	Male	-0.971
indiv215	-0.416	1	-0.793	-0.591	-0.998	2	2	Male	-1.943
indiv216	0.422	1	-0.965	0.202	-0.998	2	3	Male	1.372
indiv217	-0.152	1	1.352	-0.482	-0.998	5	2	Male	1.671
indiv218	-0.606	1	-0.945	0.541	1.002	2	4	Female	2.048
indiv219	-0.305	1	-0.308	0.383	-0.998	2	4	Male	-0.031
indiv220	0.63	1	0.744	0.634	1.002	4	4	Female	0.653
indiv221	0.895	1	-0.432	1.412	1.002	2	5	Female	-0.756
indiv222	0.66	1	1.15	-1.403	-0.998	5	1	Male	-0.402
indiv223	2.273	1	-1.194	0.916	-0.998	1	5	Male	0.188
indiv224	1.173	1	-0.25	-0.28	1.002	3	2	Female	-0.136
indiv225	0.288	1	-0.075	-0.801	1.002	3	2	Female	1.354
indiv226	-0.66	1	-0.316	-1.744	1.002	2	1	Female	1.027
indiv227	2.919	1	-0.232	-0.845	-0.998	3	2	Male	1.762
indiv228	0.677	1	1.51	-0.313	1.002	5	2	Female	1.007
indiv229	-0.684	1	0.053	-1.902	1.002	3	1	Female	1.396
indiv230	0.186	1	1.076	-0.372	-0.998	5	2	Male	-0.943
indiv231	-0.324	1	0.56	0.471	1.002	4	4	Female	-1.478
indiv232	-0.275	1	0.327	-1.28	1.002	4	1	Female	0.291
indiv233	-0.934	1	1.07	-0.028	-0.998	5	3	Male	-1.833
indiv234	0.117	1	0.769	-1.325	1.002	4	1	Female	1.906
indiv235	0.319	1	0.408	-0.073	-0.998	4	3	Male	1.764
indiv236	-1.078	1	1.624	0.843	-0.998	5	4	Male	-0.934
indiv237	-3.233	1	1.146	-2.134	-0.998	5	1	Male	-0.136
indiv238	-0.255	1	0.173	2.21	1.002	3	5	Female	-1.838
indiv239	0.03	1	1.206	-1.154	1.002	5	1	Female	3.369
indiv240	0.594	1	0.171	0.887	1.002	3	5	Female	0.4
indiv241	0.059	1	-1.783	1.99	1.002	1	5	Female	-4.354
indiv242	0.413	1	1.418	-0.937	-0.998	5	1	Male	1.309
indiv243	-1.098	1	-0.536	-0.677	1.002	2	2	Female	1.284
indiv244	0.711	1	0.617	0.966	1.002	4	5	Female	1.672
indiv245	0.719	1	0.713	-0.815	1.002	4	2	Female	1.418
indiv246	0.252	1	-1.753	-0.95	1.002	1	1	Female	1.308
indiv247	1.357	1	-1.33	1.507	-0.998	1	5	Male	-1.037
indiv248	0.404	1	1.346	1.687	-0.998	5	5	Male	0.729
indiv249	0.264	1	-1.201	-0.243	1.002	1	2	Female	-1.905
indiv250	0.268	1	-0.079	2.185	1.002	3	5	Female	0.937
indiv251	0.437	1	0.336	1.82	1.002	4	5	Female	0.939
indiv252	1.06	1	-0.068	-0.09	1.002	3	3	Female	2.429
indiv253	0.452	1	-0.637	-0.811	-0.998	2	2	Male	-0.482
indiv254	0.663	1	-0.279	-0.675	-0.998	3	2	Male	0.417
indiv255	-1.136	1	-1.643	1.334	1.002	1	5	Female	-0.371
indiv256	-0.37	1	0.816	0.499	1.002	4	4	Female	0.572
indiv257	1.477	1	1.069	0.598	-0.998	5	4	Male	-1.271
indiv258	-1.224	1	-1.185	-0.036	-0.998	1	3	Male	-1.023
indiv259	0.258	1	-1.089	0.154	-0.998	1	3	Male	-1.481
indiv260	0.405	1	-0.925	-0.496	1.002	2	2	Female	-1.912
indiv261	0.976	1	0.485	1.076	-0.998	4	5	Male	0.512
indiv262	-0.349	1	0.977	-0.339	1.002	4	2	Female	4.125
indiv263	0.159	1	0.518	1.905	1.002	4	5	Female	0.213
indiv264	-1.763	1	1.123	0.545	1.002	5	4	Female	1.493
indiv265	0.339	1	1.483	0.934	-0.998	5	5	Male	-0.661
indiv266	-0.667	1	-0.883	1.405	1.002	2	5	Female	-1.158
indiv267	-0.239	1	0.231	-0.069	1.002	3	3	Female	2.792
indiv268	-1.188	1	1.289	-1.735	1.002	5	1	Female	0.316
indiv269	0.385	1	0.823	-0.614	1.002	4	2	Female	2.807
indiv270	0.667	1	-0.889	0.551	-0.998	2	4	Male	-1.356
indiv271	-0.305	1	1.263	1.142	1.002	5	5	Female	0.82
indiv272	1.825	1	0.811	0.178	-0.998	4	3	Male	3.621
indiv273	0.671	1	-0.593	0.789	1.002	2	4	Female	2.08
indiv274	0.949	1	-0.2	0.89	1.002	3	5	Female	4.131
indiv275	2.049	1	-1.618	0.972	1.002	1	5	Female	3.036
indiv276	-0.651	1	0.841	0.7	-0.998	4	4	Male	0.031
indiv277	0.809	1	0.158	-0.209	1.002	3	3	Female	-1.267
indiv278	0.987	1	0.484	0.969	1.002	4	5	Female	1.781
indiv279	-0.006	1	1.384	-0.512	1.002	5	2	Female	1.344
indiv280	0.319	1	1.563	0.314	-0.998	5	4	Male	-1.063
indiv281	-1.012	1	-1.51	-0.516	-0.998	1	2	Male	-3.339
indiv282	0.47	1	0.066	0.439	-0.998	3	4	Male	-2.307
indiv283	-0.701	1	1.163	0.462	-0.998	5	4	Male	-0.895
indiv284	0.814	1	1.702	-0.126	-0.998	5	3	Male	1.914
indiv285	-0.811	1	-0.125	0.003	1.002	3	3	Female	-4.241
indiv286	0.319	1	0.377	0.397	-0.998	4	4	Male	1.058
indiv287	-0.847	1	0.097	-1.118	-0.998	3	1	Male	-2.816
indiv288	-0.246	1	-0.383	0.965	-0.998	2	5	Male	-1.517
indiv289	-1.553	1	-0.518	0.237	-0.998	2	3	Male	-0.295
indiv290	0.128	1	0.065	0.508	1.002	3	4	Female	1.821
indiv291	0.985	1	1.183	-0.187	-0.998	5	3	Male	0.889
indiv292	0.183	1	1.703	-1.842	1.002	5	1	Female	1.971
indiv293	-1.766	1	1.437	0.701	1.002	5	4	Female	0.762
indiv294	-0.621	1	-1.055	-0.275	1.002	1	2	Female	-0.826
indiv295	1.656	1	1.504	0.575	-0.998	5	4	Male	0.629
indiv296	1.81	1	-1.452	1.959	-0.998	1	5	Male	-0.952
indiv297	-1.175	1	-1.206	-1.142	-0.998	1	1	Male	0.696
indiv298	-0.367	1	1.582	1.287	-0.998	5	5	Male	0.947
indiv299	0.354	1	0.924	-0.379	-0.998	4	2	Male	1.524
indiv300	0.319	1	-0.06	-0.08	1.002	3	3	Female	1.548
indiv301	-0.58	1	-0.554	-0.539	1.002	2	2	Female	1.196
indiv302	-0.953	1	-1.239	-0.506	1.002	1	2	Female	1.309
indiv303	-0.179	1	-1.22	-1.137	-0.998	1	1	Male	-0.069
indiv304	1.01	1	0.252	0.099	1.002	3	3	Female	0.272
indiv305	0.024	1	0.489	0.434	1.002	4	4	Female	2.459
indiv306	-0.649	1	1.675	-0.204	1.002	5	3	Female	2.242
indiv307	-0.504	1	-0.066	-1.591	1.002	3	1	Female	-0.205
indiv308	1.614	1	-0.464	-0.413	1.002	2	2	Female	0.57
indiv309	-0.447	1	0.958	0.376	1.002	4	4	Female	-1.45
indiv310	0.763	1	-1.014	-0.721	-0.998	1	2	Male	-1.96
indiv311	1.472	1	1.579	-0.595	1.002	5	2	Female	1.325
indiv312	0.444	1	-0.694	-1.156	1.002	2	1	Female	2.643
indiv313	-0.422	1	1.183	0.549	1.002	5	4	Female	3.702
indiv314	-0.04	1	-1.039	-0.671	-0.998	1	2	Male	0.025
indiv315	-0.492	1	-0.939	3.044	1.002	2	5	Female	-0.102
indiv316	1.228	1	-0.666	0.957	-0.998	2	5	Male	-1.314
indiv317	-0.15	1	0.153	-0.184	-0.998	3	3	Male	-2.27
indiv318	1.55	1	0.376	-0.021	1.002	4	3	Female	0.495
indiv319	-0.562	1	1.432	-0.718	-0.998	5	2	Male	0.309
indiv320	-0.647	1	0.627	0.249	-0.998	4	3	Male	-1.18
indiv321	0.143	1	1.287	-0.016	-0.998	5	3	Male	1.496
indiv322	0.024	1	0.086	-1.698	1.002	3	1	Female	2.148
indiv323	-0.504	1	-1.592	-1.808	-0.998	1	1	Male	-1.385
indiv324	-1.581	1	-0.926	0.559	1.002	2	4	Female	1.601
indiv325	0.03	1	1.106	-2.267	1.002	5	1	Female	0.117
indiv326	-0.717	1	1.696	-0.392	1.002	5	2	Female	-1.941
indiv327	1.083	1	-0.507	1.579	1.002	2	5	Female	0.599
indiv328	-0.953	1	-0.442	-1.633	-0.998	2	1	Male	0.068
indiv329	1.126	1	-0.86	0.262	1.002	2	4	Female	-2.372
indiv330	-0.649	1	-0.106	1.497	-0.998	3	5	Male	-1.535
indiv331	0.292	1	-1.316	0.472	-0.998	1	4	Male	-2.864
indiv332	0.899	1	1.656	1.222	1.002	5	5	Female	1.452
indiv333	-0.519	1	-0.469	-0.96	1.002	2	1	Female	0.026
indiv334	0.554	1	1.522	0.589	1.002	5	4	Female	-0.072
indiv335	-0.088	1	0.849	0.154	1.002	4	3	Female	-1.516
indiv336	-1.135	1	-1.404	1.284	1.002	1	5	Female	-1.388
indiv337	-0.27	1	1.443	2.385	1.002	5	5	Female	-1.986
indiv338	1.62	1	1.55	0.088	1.002	5	3	Female	5.383
indiv339	-0.214	1	0.152	1.038	-0.998	3	5	Male	-0.19
indiv340	-0.818	1	-0.857	-0.413	1.002	2	2	Female	3.231
indiv341	-0.054	1	-0.143	-0.371	1.002	3	2	Female	1.386
indiv342	0.33	1	-1.487	-0.559	-0.998	1	2	Male	0.146
indiv343	0.955	1	-0.321	-1.335	-0.998	2	1	Male	3.828
indiv344	1.144	1	-0.972	0.048	1.002	2	3	Female	-2.338
indiv345	0.101	1	1.112	-0.061	1.002	5	3	Female	-3.596
indiv346	1.165	1	1.541	0.676	-0.998	5	4	Male	-0.948
indiv347	-0.764	1	-1.3	-0.231	-0.998	1	2	Male	-0.231
indiv348	-2.345	1	-0.34	-0.91	-0.998	2	1	Male	-3.177
indiv349	-0.472	1	0.304	-0.148	-0.998	3	3	Male	1.531
indiv350	-0.516	1	-0.063	1.758	-0.998	3	5	Male	-0.104
indiv351	-2.316	1	1.17	0.413	-0.998	5	4	Male	1.7
indiv352	0.562	1	-1.237	0.243	1.002	1	3	Female	-3.298
indiv353	-0.784	1	1.203	0.999	-0.998	5	5	Male	-1.935
indiv354	-0.226	1	-0.312	1.712	1.002	2	5	Female	0.945
indiv355	-1.587	1	0.524	1.633	1.002	4	5	Female	-0.925
indiv356	0.548	1	-1.551	-0.441	-0.998	1	2	Male	0.269
indiv357	1.891	1	-1.361	-0.1	-0.998	1	3	Male	-1.2
indiv358	-0.878	1	-0.121	-0.375	1.002	3	2	Female	1.089
indiv359	-0.113	1	-1.07	-0.218	-0.998	1	3	Male	-0.75
indiv360	1.949	1	0.652	0.414	-0.998	4	4	Male	0.719
indiv361	0.934	1	-0.965	-0.488	1.002	2	2	Female	3.126
indiv362	1.913	1	1.631	-1.152	-0.998	5	1	Male	0.766
indiv363	-0.005	1	-1.529	-0.255	1.002	1	2	Female	0.592
indiv364	-0.152	1	-1.397	1.38	-0.998	1	5	Male	-2.872
indiv365	-0.51	1	0.015	1.771	-0.998	3	5	Male	-1.62
indiv366	1.435	1	1.663	-0.414	1.002	5	2	Female	-1.929
indiv367	-1.286	1	1.32	0.777	1.002	5	4	Female	-1.323
indiv368	0.307	1	-1.556	-0.148	1.002	1	3	Female	0.229
indiv369	-0.046	1	-1.764	-0.141	-0.998	1	3	Male	-0.229
indiv370	2.252	1	-1.485	-0.676	1.002	1	2	Female	0.769
indiv371	-0.608	1	0.923	-1.552	1.002	4	1	Female	1.329
indiv372	-1.509	1	-1.002	1.721	1.002	2	5	Female	0.339
indiv373	0.233	1	-0.322	0.752	1.002	2	4	Female	-2.662
indiv374	-0.04	1	0.548	-1.759	-0.998	4	1	Male	0.382
indiv375	-0.839	1	-1.017	-0.36	-0.998	1	2	Male	-1.214
indiv376	0.132	1	-1.698	1.481	1.002	1	5	Female	0.945
indiv377	-0.276	1	0.936	0.08	1.002	4	3	Female	0.614
indiv378	-0.679	1	-0.795	0.163	1.002	2	3	Female	-1.796
indiv379	0.501	1	0.804	0.799	1.002	4	4	Female	-3.032
indiv380	-0.332	1	1.649	0.936	1.002	5	5	Female	-0.76
indiv381	-1.835	1	0.093	0.584	1.002	3	4	Female	1.63
indiv382	-2.652	1	-0.294	0.379	-0.998	2	4	Male	0.105
indiv383	-0.581	1	-1.164	1.405	1.002	1	5	Female	1.416
indiv384	1.454	1	-1.582	1.632	1.002	1	5	Female	-1.298
indiv385	0.838	1	-0.949	0.198	-0.998	2	3	Male	-0.506
indiv386	1.215	1	0.433	-0.225	-0.998	4	3	Male	1.629
indiv387	0.983	1	-1.604	-0.012	-0.998	1	3	Male	-1.088
indiv388	0.316	1	-1.168	0.315	1.002	1	4	Female	-1.501
indiv389	-1.507	1	1.602	-0.679	-0.998	5	2	Male	-0.429
indiv390	0.206	1	-1.583	0.598	-0.998	1	4	Male	-2.186
indiv391	1.597	1	-0.257	-1.272	1.002	3	1	Female	-1.765
indiv392	-3.396	1	1.257	2.132	1.002	5	5	Female	-3.22
indiv393	-0.781	1	-1.002	-2.428	-0.998	2	1	Male	1.573
indiv394	1.102	1	0.987	0.144	-0.998	4	3	Male	1.431
indiv395	0.529	1	-1.736	-0.08	-0.998	1	3	Male	-0.594
indiv396	0.789	1	1.348	0.507	-0.998	5	4	Male	0.013
indiv397	0.457	1	-0.622	-0.421	1.002	2	2	Female	-0.246
indiv398	0.539	1	0.444	2.303	-0.998	4	5	Male	-1.091
indiv399	0.015	1	-0.77	-0.163	1.002	2	3	Female	0.728
indiv400	-0.916	1	-1.533	-0.001	-0.998	1	3	Male	0.303
indiv401	-1.227	1	-1.508	1.065	1.002	1	5	Female	-0.937
indiv402	0.036	1	0.176	0.652	-0.998	3	4	Male	-0.773
indiv403	-0.421	1	1.677	0.152	1.002	5	3	Female	1.86
indiv404	-0.899	1	-0.81	-0.188	1.002	2	3	Female	1.887
indiv405	0.417	1	1.038	-0.25	-0.998	4	2	Male	2.423
indiv406	0.153	1	1.543	-1.335	-0.998	5	1	Male	1.454
indiv407	1.463	1	-1.571	0.587	1.002	1	4	Female	-0.848
indiv408	-1.122	1	1.104	0.41	1.002	5	4	Female	1.159
indiv409	-0.518	1	1.258	-1.034	-0.998	5	1	Male	0.102
indiv410	-0.075	1	1.424	-0.205	1.002	5	3	Female	-0.462
indiv411	-1.408	1	1.189	1.223	1.002	5	5	Female	-3.008
indiv412	-0.285	1	0.868	1.21	-0.998	4	5	Male	0.224
indiv413	-0.708	1	0.736	-1.206	-0.998	4	1	Male	0.996
indiv414	-2.148	1	-0.911	0.753	1.002	2	4	Female	-1.24
indiv415	-0.284	1	0.501	0.099	1.002	4	3	Female	-0.952
indiv416	-0.534	1	-1.191	0.353	-0.998	1	4	Male	-1.661
indiv417	1.133	1	0.16	-0.868	1.002	3	1	Female	-0.621
indiv418	-0.604	1	1.551	-0.224	-0.998	5	3	Male	-0.893
indiv419	0.558	1	0.77	-2.016	-0.998	4	1	Male	0.731
indiv420	0.143	1	1.648	-0.739	1.002	5	2	Female	1.701
indiv421	-1.237	1	-1.262	-0.32	1.002	1	2	Female	-0.613
indiv422	0.374	1	-0.038	1.239	-0.998	3	5	Male	-0.191
indiv423	-0.106	1	-0.887	-1.048	1.002	2	1	Female	-3.985
indiv424	0.166	1	0.029	0.269	1.002	3	4	Female	4.58
indiv425	0.658	1	-1.236	0.064	-0.998	1	3	Male	1.224
indiv426	0.114	1	1.355	-1.343	-0.998	5	1	Male	1.299
indiv427	1.585	1	-0.271	0.25	1.002	3	4	Female	-1.553
indiv428	0.116	1	0.153	1.507	-0.998	3	5	Male	-0.138
indiv429	-1.254	1	0.163	0.887	-0.998	3	5	Male	-4.093
indiv430	0.742	1	1.518	1.072	-0.998	5	5	Male	1.873
indiv431	-1.223	1	0.751	-0.23	-0.998	4	3	Male	0.509
indiv432	-1.919	1	-1.188	0.904	1.002	1	5	Female	-3.469
indiv433	-0.81	1	0.664	-2.319	1.002	4	1	Female	3.08
indiv434	-0.745	1	-1.43	-1.237	-0.998	1	1	Male	-1.049
indiv435	-0.608	1	1.448	-0.193	-0.998	5	3	Male	0.096
indiv436	1.607	1	1.497	0.082	1.002	5	3	Female	1.375
indiv437	1.636	1	0.745	0.477	1.002	4	4	Female	1.983
indiv438	0.726	1	-0.338	0.675	-0.998	2	4	Male	0.619
indiv439	-1.274	1	1.342	-0.469	-0.998	5	2	Male	-1.512
indiv440	0.023	1	-0.659	-0.49	1.002	2	2	Female	-5.354
indiv441	0.487	1	1.231	-0.361	1.002	5	2	Female	5.121
indiv442	-0.137	1	0.25	-0.567	1.002	3	2	Female	-3.492
indiv443	0.172	1	-0.817	-0.144	1.002	2	3	Female	1.154
indiv444	-0.945	1	0.453	0.826	-0.998	4	4	Male	-1.073
indiv445	-1.288	1	0.916	0.425	-0.998	4	4	Male	-0.499
indiv446	1.408	1	-1.223	-0.449	-0.998	1	2	Male	1.174
indiv447	0.267	1	0.57	-0.694	-0.998	4	2	Male	0.154
indiv448	-0.408	1	1.353	-0.124	1.002	5	3	Female	1.918
indiv449	0.325	1	0.125	-0.225	1.002	3	3	Female	-1.141
indiv450	2.062	1	-0.383	1.157	-0.998	2	5	Male	0.159
indiv451	0.363	1	-1.149	-2.221	-0.998	1	1	Male	0.012
indiv452	1.411	1	1.303	-0.966	1.002	5	1	Female	3.757
indiv453	1.368	1	0.734	0.578	-0.998	4	4	Male	1.192
indiv454	-0.407	1	1.057	0.618	1.002	5	4	Female	-0.269
indiv455	0.763	1	0.048	-0.654	-0.998	3	2	Male	-1.431
indiv456	-0.651	1	-0.082	-0.225	-0.998	3	3	Male	-2.18
indiv457	-1.474	1	-0.526	1.716	1.002	2	5	Female	-2.497
indiv458	-1.202	1	-0.827	-1.087	-0.998	2	1	Male	-0.716
indiv459	-0.149	1	1.084	1.698	-0.998	5	5	Male	-1.692
indiv460	1.797	1	0.763	0.284	-0.998	4	4	Male	0.72
indiv461	0.105	1	1.146	0.993	-0.998	5	5	Male	1.08
indiv462	-0.803	1	0.596	-0.533	-0.998	4	2	Male	-1.074
indiv463	0.23	1	1.039	-1.108	-0.998	4	1	Male	1.43
indiv464	0.698	1	-1.242	0.362	-0.998	1	4	Male	-0.993
indiv465	-1.295	1	-1.773	0.385	1.002	1	4	Female	-1.59
indiv466	-1.055	1	0.657	-0.435	-0.998	4	2	Male	-1.206
indiv467	-1.942	1	-1.143	-0.872	1.002	1	1	Female	-0.483
indiv468	-1.27	1	-0.279	1.235	-0.998	3	5	Male	-2.253
indiv469	-0.887	1	1.098	-1.318	1.002	5	1	Female	3.582
indiv470	-0.292	1	0.595	1.36	1.002	4	5	Female	-0
indiv471	1.41	1	-0.992	-0.599	-0.998	2	2	Male	0.782
indiv472	0.889	1	0.413	-1.846	-0.998	4	1	Male	3.131
indiv473	0.273	1	0.513	2.088	1.002	4	5	Female	0.906
indiv474	-0.567	1	1.375	0.343	-0.998	5	4	Male	-2.444
indiv475	-0.04	1	0.213	-1.059	1.002	3	1	Female	-1.789
indiv476	0.548	1	0.57	-0.387	1.002	4	2	Female	0.35
indiv477	-0.504	1	1.238	-0.793	1.002	5	2	Female	3.138
indiv478	1.059	1	1.65	0.282	1.002	5	4	Female	0.856
indiv479	1.097	1	-0.955	0.106	1.002	2	3	Female	0.1
indiv480	-1.167	1	0.543	-1.224	-0.998	4	1	Male	0.239
indiv481	-0.747	1	-0.122	0.225	-0.998	3	3	Male	-0.958
indiv482	1.207	1	-0.265	-0.676	1.002	3	2	Female	1.306
indiv483	-1.687	1	0.431	0.59	-0.998	4	4	Male	-1.665
indiv484	0.42	1	-0.477	0.56	-0.998	2	4	Male	0.493
indiv485	0.233	1	1.352	-0.056	-0.998	5	3	Male	0.071
indiv486	3.196	1	-1.26	-0.788	1.002	1	2	Female	2.509
indiv487	-2.73	1	-0.287	-0.479	1.002	2	2	Female	0.189
indiv488	-0.841	1	-0.501	-1.004	-0.998	2	1	Male	-0.323
indiv489	0.674	1	0.358	0.784	-0.998	4	4	Male	0.016
indiv490	1.674	1	1.116	1.288	1.002	5	5	Female	-0.831
indiv491	0.84	1	-1.476	0.025	1.002	1	3	Female	4.165
indiv492	-1.428	1	-0.555	0.303	1.002	2	4	Female	0.379
indiv493	2.239	1	0.786	-0.226	1.002	4	3	Female	-0.622
indiv494	-1.757	1	-1.569	0.188	1.002	1	3	Female	1.615
indiv495	-1.113	1	0.245	1.79	-0.998	3	5	Male	-1.923
indiv496	-0.043	1	0.643	0.23	1.002	4	3	Female	3.668
indiv497	2.226	1	0.793	1.269	1.002	4	5	Female	3.28
indiv498	0.506	1	-0.703	0.217	-0.998	2	3	Male	-0.924
indiv499	0.73	1	-0.598	-1.355	-0.998	2	1	Male	0.242
indiv500	1.728	1	-1.186	-1.176	-0.998	1	1	Male	-0.55
indiv501	0.985	1	1.546	-0.966	1.002	5	1	Female	-2.735
indiv502	-1.225	1	-0.123	-0.12	-0.998	3	3	Male	-2.154
indiv503	0.71	1	-0.235	-0.131	-0.998	3	3	Male	-0.116
indiv504	-0.109	1	-1.737	1.131	1.002	1	5	Female	-1.238
indiv505	1.783	1	0.127	-1.626	-0.998	3	1	Male	2.091
indiv506	-0.243	1	-0.754	-1.036	-0.998	2	1	Male	-0.886
indiv507	-1.527	1	-0.188	-1.708	1.002	3	1	Female	-2.162
indiv508	0.492	1	-1.261	0.473	-0.998	1	4	Male	-1.816
indiv509	0.355	1	1.012	-0.455	-0.998	4	2	Male	-2.982
indiv510	-0.018	1	0.93	-1.804	1.002	4	1	Female	3.729
indiv511	-1.057	1	-1.016	-0.817	-0.998	1	2	Male	-0.531
indiv512	-0.839	1	-1.72	-0.987	-0.998	1	1	Male	-0.949
indiv513	-0.013	1	0.238	0.265	1.002	3	4	Female	0.722
indiv514	1.038	1	-1.752	0.516	1.002	1	4	Female	0.741
indiv515	-0.364	1	0.718	-1.256	1.002	4	1	Female	-0.366
indiv516	-0.871	1	-0.247	0.969	1.002	3	5	Female	-2.794
indiv517	-2.704	1	-1.417	0.428	1.002	1	4	Female	-1.498
indiv518	0.494	1	1.481	0.203	-0.998	5	3	Male	-0.417
indiv519	0.427	1	0.274	0.233	-0.998	3	3	Male	0.283
indiv520	1.309	1	-0.746	0.395	1.002	2	4	Female	1.91
indiv521	1.467	1	-0.823	0.919	-0.998	2	5	Male	-1.668
indiv522	-0.143	1	-0.975	-0.536	-0.998	2	2	Male	-2.498
indiv523	1.299	1	1.439	0.021	1.002	5	3	Female	4.592
indiv524	0.001	1	0.211	2.682	-0.998	3	5	Male	-2.675
indiv525	-0.676	1	0.866	-1.077	1.002	4	1	Female	-1.74
indiv526	-0.848	1	-1.273	0.263	-0.998	1	4	Male	-1.536
indiv527	-0.347	1	-1.641	-1.416	-0.998	1	1	Male	-2.296
indiv528	0.227	1	-0.602	0.183	-0.998	2	3	Male	-0.288
indiv529	-0.027	1	1.081	0.921	1.002	5	5	Female	-0.991
indiv530	0.201	1	1.411	-2.302	-0.998	5	1	Male	3.251
indiv531	0.199	1	0.26	-0.589	-0.998	3	2	Male	-2.047
indiv532	0.715	1	0.114	2.159	1.002	3	5	Female	1.268
indiv533	-0.273	1	-0.785	-0.773	-0.998	2	2	Male	-1.112
indiv534	1.635	1	0.504	-1.402	1.002	4	1	Female	6.875
indiv535	0.438	1	-0.527	0.42	1.002	2	4	Female	-0.459
indiv536	-1.194	1	-1.435	-0.723	-0.998	1	2	Male	-2.52
indiv537	-0.277	1	-1.434	1.413	-0.998	1	5	Male	-2.311
indiv538	0.516	1	-0.085	1.024	1.002	3	5	Female	0.405
indiv539	-0.411	1	0.484	0.751	-0.998	4	4	Male	-1.071
indiv540	0.345	1	0.147	-1.403	1.002	3	1	Female	-0.186
indiv541	0.434	1	-1.612	0.324	1.002	1	4	Female	-0.216
indiv542	1.303	1	-0.883	0.346	1.002	2	4	Female	0.934
indiv543	-0.652	1	-0.236	-2.04	-0.998	3	1	Male	-3.437
indiv544	-0.017	1	-0.152	0.585	1.002	3	4	Female	-2.729
indiv545	-0.568	1	0.573	0.268	-0.998	4	4	Male	-2.717
indiv546	-1.127	1	-0.621	-1.048	1.002	2	1	Female	1.737
indiv547	-1.849	1	0.075	-0.225	1.002	3	3	Female	-0.844
indiv548	0.196	1	-0.782	1.959	-0.998	2	5	Male	-1.7
indiv549	0.602	1	1.025	0.736	1.002	4	4	Female	3.923
indiv550	0.639	1	-1.369	-1.26	-0.998	1	1	Male	-1.498
indiv551	-1.39	1	0.029	0.065	1.002	3	3	Female	4.003
indiv552	-1.13	1	-0.108	1.668	-0.998	3	5	Male	-2.038
indiv553	-1.141	1	1.67	0.008	-0.998	5	3	Male	-2.459
indiv554	-0.689	1	1.317	-0.518	-0.998	5	2	Male	-1.382
indiv555	0.17	1	-1.107	1.104	1.002	1	5	Female	-0.769
indiv556	0.594	1	-1.352	-0.474	1.002	1	2	Female	1.424
indiv557	-0.815	1	1.491	-0.247	1.002	5	2	Female	0.253
indiv558	-2.864	1	-0.461	0.805	-0.998	2	4	Male	-3.388
indiv559	0.954	1	-1.603	1.699	-0.998	1	5	Male	-2.312
indiv560	0.615	1	-0.816	-0.822	1.002	2	2	Female	2.117
indiv561	-0.701	1	-1.297	-0.245	1.002	1	2	Female	-0.488
indiv562	-1.074	1	0.949	-0.09	1.002	4	3	Female	1.006
indiv563	-0.3	1	-1.147	0.842	1.002	1	4	Female	-0.721
indiv564	0.108	1	1.314	1.468	1.002	5	5	Female	-2.472
indiv565	0.723	1	-1.565	1.614	1.002	1	5	Female	1.074
indiv566	1.39	1	1.321	-0.243	1.002	5	2	Female	2.08
indiv567	-0.849	1	1.466	0.878	-0.998	5	5	Male	1.288
indiv568	0.291	1	-0.309	-0.869	1.002	2	1	Female	4.391
indiv569	1.334	1	1.18	-0.544	1.002	5	2	Female	2.19
indiv570	-0.901	1	-1.723	-1.182	-0.998	1	1	Male	-1.432
indiv571	-0.223	1	1.409	-1.089	-0.998	5	1	Male	-3.373
indiv572	-1.771	1	-0.505	0.549	-0.998	2	4	Male	-1.823
indiv573	0.287	1	-0.841	0.687	-0.998	2	4	Male	-1.124
indiv574	-0.641	1	-0.705	0.187	-0.998	2	3	Male	0.407
indiv575	-0.925	1	0.078	-0.761	1.002	3	2	Female	-0.912
indiv576	-0.78	1	-0.194	0.264	-0.998	3	4	Male	0.193
indiv577	0.445	1	1.247	-1.19	-0.998	5	1	Male	-0.362
indiv578	-2.162	1	1.474	-1.723	1.002	5	1	Female	-0.333
indiv579	-0.426	1	1.202	-0.51	-0.998	5	2	Male	0.368
indiv580	-1.014	1	0.1	-0.422	-0.998	3	2	Male	0.196
indiv581	-0.962	1	0.701	-0.943	-0.998	4	1	Male	-0.541
indiv582	0.475	1	-1.202	-1.964	-0.998	1	1	Male	1.357
indiv583	0.352	1	0.179	-0.434	1.002	3	2	Female	4.24
indiv584	-0.107	1	0.414	0.492	1.002	4	4	Female	-0.064
indiv585	0.538	1	-1.362	0.738	1.002	1	4	Female	-1.964
indiv586	-0.602	1	-0.906	1.521	-0.998	2	5	Male	-1.848
indiv587	-2.023	1	0.384	0.017	1.002	4	3	Female	1.718
indiv588	1.154	1	-0.017	2.181	-0.998	3	5	Male	-1.4
indiv589	-0.231	1	-0.289	0.415	-0.998	2	4	Male	-0.84
indiv590	-0.365	1	0.803	-0.175	1.002	4	3	Female	1.982
indiv591	0.158	1	-0.893	-1.892	-0.998	2	1	Male	-0.375
indiv592	0.766	1	-1.695	2.33	1.002	1	5	Female	-1.666
indiv593	0.426	1	1.506	1.342	1.002	5	5	Female	0.343
indiv594	0.927	1	1.503	0.59	-0.998	5	4	Male	1.447
indiv595	0.046	1	-0.945	1.06	-0.998	2	5	Male	-2.787
indiv596	-0.504	1	1.431	0.988	-0.998	5	5	Male	-1.743
indiv597	-0.3	1	0.294	0.809	-0.998	3	4	Male	-1.726
indiv598	0.823	1	-0.438	0.889	1.002	2	5	Female	-2.102
indiv599	-0.849	1	0.648	1.005	-0.998	4	5	Male	-1.898
indiv600	-0.954	1	0.901	-0.691	1.002	4	2	Female	6.631
indiv601	0.313	1	1.194	-0.283	1.002	5	2	Female	-1.571
indiv602	0.612	1	1.163	0.09	-0.998	5	3	Male	-1.725
indiv603	-1.691	1	0.46	-0.852	-0.998	4	2	Male	-2.327
indiv604	0.785	1	1.554	2.083	1.002	5	5	Female	-0.289
indiv605	0.012	1	1.622	-1.306	-0.998	5	1	Male	-1.486
indiv606	-0.181	1	1.058	0.114	-0.998	5	3	Male	0.893
indiv607	1.107	1	0.56	-0.793	1.002	4	2	Female	1.22
indiv608	1.479	1	0.341	0.063	1.002	4	3	Female	-1.743
indiv609	-1.147	1	-0.696	0.14	1.002	2	3	Female	-1.689
indiv610	1.012	1	-0.449	-0.07	-0.998	2	3	Male	-0.434
indiv611	-0.632	1	0.102	-3.019	1.002	3	1	Female	1.66
indiv612	0.132	1	0.544	-2.44	1.002	4	1	Female	4.348
indiv613	0.481	1	0.827	0.674	1.002	4	4	Female	0.39
indiv614	0.133	1	-1.585	-0.887	-0.998	1	1	Male	-2.45
indiv615	-1.463	1	-1.739	0.071	-0.998	1	3	Male	-1.52
indiv616	-0.506	1	-1.276	0.751	-0.998	1	4	Male	-2.097
indiv617	1.54	1	-0.174	-0.186	-0.998	3	3	Male	-1.039
indiv618	0.173	1	0.308	-0.715	1.002	3	2	Female	3.423
indiv619	-0.836	1	0.017	-0.243	-0.998	3	2	Male	-2.069
indiv620	-0.656	1	-0.209	1.534	-0.998	3	5	Male	-0.308
indiv621	1.058	1	-0.371	1.487	1.002	2	5	Female	0.024
indiv622	0.346	1	0.832	1.861	1.002	4	5	Female	2.022
indiv623	-0.897	1	0.031	1.43	1.002	3	5	Female	0.784
indiv624	0.006	1	0.345	-1.566	-0.998	4	1	Male	-0.009
indiv625	0.597	1	-1.708	-1.82	-0.998	1	1	Male	2.146
indiv626	1.723	1	-1.447	0.04	-0.998	1	3	Male	0.358
indiv627	-0.882	1	0.432	-0.195	1.002	4	3	Female	-1.071
indiv628	-0.38	1	-0.882	-1.454	-0.998	2	1	Male	-0.718
indiv629	0.996	1	-0.037	-1.954	1.002	3	1	Female	1.336
indiv630	-0.459	1	-0.757	1.184	1.002	2	5	Female	1.712
indiv631	1.46	1	-0.701	1.594	1.002	2	5	Female	2.415
indiv632	1.043	1	-0.903	0.232	1.002	2	3	Female	3.262
indiv633	-1.659	1	-1.782	0.142	1.002	1	3	Female	2.039
indiv634	0.424	1	-0.762	-0.142	-0.998	2	3	Male	-0.183
indiv635	-1.419	1	-0.599	-0.502	-0.998	2	2	Male	-1.146
indiv636	-1.465	1	-1.365	-1.37	1.002	1	1	Female	1.763
indiv637	0.07	1	0.123	-0.222	1.002	3	3	Female	1.965
indiv638	0.057	1	-0.52	-1.039	-0.998	2	1	Male	0.547
indiv639	-0.033	1	-0.14	0.161	-0.998	3	3	Male	-0.799
indiv640	1.264	1	-1.58	0.662	1.002	1	4	Female	2.326
indiv641	0.295	1	-0.84	-0.305	1.002	2	2	Female	1.535
indiv642	-0.673	1	1.663	1.413	-0.998	5	5	Male	0.596
indiv643	0.12	1	0.4	1.599	1.002	4	5	Female	-0.127
indiv644	-0.514	1	-1.076	1.175	-0.998	1	5	Male	-1.658
indiv645	-0.068	1	-1.155	-1.39	1.002	1	1	Female	-1.192
indiv646	-1.148	1	1.697	-1.516	-0.998	5	1	Male	1.574
indiv647	-0.115	1	0.86	0.051	-0.998	4	3	Male	-1.872
indiv648	0.103	1	-0.241	0.13	-0.998	3	3	Male	-2.153
indiv649	-0.702	1	0.992	0.629	-0.998	4	4	Male	0.89
indiv650	0.041	1	0.32	-1.446	1.002	4	1	Female	-4.898
indiv651	-0.649	1	1.116	-0.29	-0.998	5	2	Male	0.561
indiv652	-0.644	1	-1.775	0.317	-0.998	1	4	Male	-2.826
indiv653	-0.204	1	0.965	-1.635	-0.998	4	1	Male	2.008
indiv654	0.491	1	-1.715	0.158	-0.998	1	3	Male	-0.704
indiv655	-0.205	1	-0.522	1.819	-0.998	2	5	Male	-1.461
indiv656	0.191	1	-1.011	-1.494	-0.998	2	1	Male	0.467
indiv657	0.97	1	-0.076	1.265	1.002	3	5	Female	0.886
indiv658	-0.285	1	-0.158	0.995	1.002	3	5	Female	-1.061
indiv659	-0.104	1	1.334	0.998	-0.998	5	5	Male	-1.893
indiv660	0.511	1	-1.022	1.362	-0.998	1	5	Male	-1.062
indiv661	-1.258	1	0.761	-0.003	-0.998	4	3	Male	-1.475
indiv662	0.544	1	-0.842	0.172	-0.998	2	3	Male	0.034
indiv663	-0.535	1	0.433	-0.982	-0.998	4	1	Male	-1.678
indiv664	-1.138	1	-1.569	0.479	-0.998	1	4	Male	-3.479
indiv665	-1.768	1	1.356	1.21	-0.998	5	5	Male	-0.766
indiv666	-0.715	1	-0.914	0.163	1.002	2	3	Female	2.08
indiv667	-1.17	1	-0.861	1.114	1.002	2	5	Female	-0.428
indiv668	-1.178	1	-1.186	1.179	-0.998	1	5	Male	-2.319
indiv669	1.627	1	-0.006	-1.274	1.002	3	1	Female	1.779
indiv670	-1.212	1	-1.109	0.304	-0.998	1	4	Male	-0.438
indiv671	0.998	1	1.369	-0.483	1.002	5	2	Female	0.428
indiv672	0.545	1	1.626	-0.184	1.002	5	3	Female	1.635
indiv673	-0.885	1	-0.386	-0.184	1.002	2	3	Female	-0.111
indiv674	-0.611	1	1.309	-1.111	-0.998	5	1	Male	0.293
indiv675	-0.41	1	0.147	0.888	-0.998	3	5	Male	0.226
indiv676	0.19	1	-0.752	-0.908	1.002	2	1	Female	1.516
indiv677	-0.348	1	-0.245	0.447	-0.998	3	4	Male	-0.787
indiv678	0.827	1	1.503	-1.761	1.002	5	1	Female	-1.894
indiv679	-0.293	1	1.327	-0.381	1.002	5	2	Female	0.922
indiv680	-2.165	1	-1.273	-0.225	-0.998	1	3	Male	-1.37
indiv681	-0.096	1	0.147	-0.663	-0.998	3	2	Male	0.173
indiv682	-1.852	1	1.163	-0.194	1.002	5	3	Female	-2.003
indiv683	0.938	1	0.053	0.979	1.002	3	5	Female	-0.592
indiv684	-0.748	1	0.843	0.543	-0.998	4	4	Male	-1.629
indiv685	-1.115	1	-0.923	-0.791	-0.998	2	2	Male	-2.252
indiv686	-0.592	1	0.403	-0.229	-0.998	4	3	Male	0.63
indiv687	0.585	1	-0.608	-0.117	-0.998	2	3	Male	0.632
indiv688	-1.919	1	1.055	-0.39	1.002	5	2	Female	1.979
indiv689	0.254	1	-1.585	-0.151	-0.998	1	3	Male	-1.56
indiv690	-0.972	1	0.435	-0.307	-0.998	4	2	Male	-0.896
indiv691	-0.009	1	0.515	2.046	1.002	4	5	Female	0.672
indiv692	0.679	1	0.475	0.257	1.002	4	4	Female	2.764
indiv693	0.57	1	1.014	0.507	1.002	4	4	Female	0.928
indiv694	1.503	1	-1.527	-0.584	1.002	1	2	Female	0.301
indiv695	0.129	1	-1.473	0.211	1.002	1	3	Female	-3.965
indiv696	-0.701	1	1.489	0.255	-0.998	5	4	Male	-0.631
indiv697	2.154	1	0.504	0.36	-0.998	4	4	Male	-0.32
indiv698	-0.303	1	1.443	0.154	-0.998	5	3	Male	0.475
indiv699	0.808	1	0.41	1.896	-0.998	4	5	Male	-1.185
indiv700	0.931	1	-0.815	-1.927	-0.998	2	1	Male	1.191
indiv701	0.455	1	0.23	0.504	1.002	3	4	Female	0.169
indiv702	1.425	1	-0.351	0.49	-0.998	2	4	Male	-1.02
indiv703	-0.209	1	0.058	-0.714	-0.998	3	2	Male	-2.996
indiv704	-1.231	1	-1.497	0.034	-0.998	1	3	Male	-2.62
indiv705	-0.361	1	1.529	-0.905	1.002	5	1	Female	2.295
indiv706	-0.547	1	-0.405	-0.744	1.002	2	2	Female	-0.563
indiv707	0.328	1	0.415	-2.165	1.002	4	1	Female	2.569
indiv708	-0.933	1	-0.238	1.206	1.002	3	5	Female	-4.948
indiv709	0.681	1	1.426	-0.553	1.002	5	2	Female	1.958
indiv710	-1.164	1	-1.47	0.562	1.002	1	4	Female	-1.267
indiv711	1.755	1	0.567	-0.289	1.002	4	2	Female	1.083
indiv712	1.45	1	-0.817	1.936	1.002	2	5	Female	1.805
indiv713	-0.449	1	0.613	0.211	1.002	4	3	Female	1.124
indiv714	0.14	1	-1.638	2.125	1.002	1	5	Female	-0.674
indiv715	-0.374	1	-0.759	0.136	1.002	2	3	Female	3.583
indiv716	-1.206	1	-1.306	1.381	1.002	1	5	Female	-1.504
indiv717	-2.661	1	1.695	0.096	-0.998	5	3	Male	-0.206
indiv718	-0.025	1	1.271	0.314	-0.998	5	4	Male	-0.586
indiv719	-0.034	1	-0.124	-0.259	1.002	3	2	Female	-0.523
indiv720	1.642	1	0.27	0.076	1.002	3	3	Female	3.1
indiv721	-1.995	1	-0.707	0.67	-0.998	2	4	Male	-2.204
indiv722	-0.662	1	-0.154	0.451	1.002	3	4	Female	-1.432
indiv723	0.88	1	0.48	-1.614	-0.998	4	1	Male	0.318
indiv724	0.342	1	1.129	1.154	1.002	5	5	Female	0.293
indiv725	0.122	1	0.514	-0.743	1.002	4	2	Female	2.12
indiv726	-0.621	1	1.511	0.89	1.002	5	5	Female	0.469
indiv727	0.201	1	0.887	-0.143	1.002	4	3	Female	1.281
indiv728	-0.236	1	-0.218	0.045	-0.998	3	3	Male	1.411
indiv729	0.114	1	-1.159	0.481	-0.998	1	4	Male	-2.902
indiv730	-0.578	1	-0.06	-0.895	1.002	3	1	Female	-0.207
indiv731	1.189	1	-0.232	-0.089	-0.998	3	3	Male	-0.084
indiv732	1.06	1	-0.401	-0.698	-0.998	2	2	Male	-1.507
indiv733	1.337	1	1.505	0.636	1.002	5	4	Female	7.164
indiv734	-0.367	1	0.045	0.3	-0.998	3	4	Male	-1.399
indiv735	-0.304	1	-0.689	-1.401	-0.998	2	1	Male	0.903
indiv736	-0.35	1	0.741	-0.326	1.002	4	2	Female	-0.406
indiv737	1.374	1	-0.528	-0.603	1.002	2	2	Female	-0.281
indiv738	-0.3	1	1.565	-0.666	-0.998	5	2	Male	-1.222
indiv739	0.098	1	0.76	-0.018	1.002	4	3	Female	-1.376
indiv740	0.381	1	-1.252	-1.783	-0.998	1	1	Male	-3.297
indiv741	0.678	1	-0.837	1.84	1.002	2	5	Female	1.004
indiv742	-0.268	1	-0.882	0.438	-0.998	2	4	Male	-1.611
indiv743	2.346	1	1.258	-1.896	1.002	5	1	Female	3.402
indiv744	-0.927	1	-0.722	-0.908	-0.998	2	1	Male	-1.24
indiv745	-1.427	1	0.531	0.335	-0.998	4	4	Male	-0.88
indiv746	0.042	1	0.946	-2.244	1.002	4	1	Female	-0.526
indiv747	1.767	1	0.084	-0.49	1.002	3	2	Female	1.156
indiv748	0.053	1	0.842	-0.042	-0.998	4	3	Male	0.505
indiv749	0.11	1	-1.594	1.207	1.002	1	5	Female	0.117
indiv750	0.863	1	0.351	1.599	1.002	4	5	Female	0.335
indiv751	-0.099	1	-0.516	1.258	-0.998	2	5	Male	-2.938
indiv752	0.104	1	0.583	1.411	1.002	4	5	Female	1.362
indiv753	1.208	1	1.634	-0.504	-0.998	5	2	Male	1.891
indiv754	0.094	1	-1.133	1.078	-0.998	1	5	Male	0.333
indiv755	-0.752	1	-0.435	0.016	-0.998	2	3	Male	-2.969
indiv756	0.395	1	-0.079	1.731	1.002	3	5	Female	0.497
indiv757	-1.092	1	0.81	0.301	-0.998	4	4	Male	-0.994
indiv758	-1.458	1	0.109	0.641	1.002	3	4	Female	1.907
indiv759	-0.123	1	-1.168	0.348	-0.998	1	4	Male	-0.981
indiv760	-1.101	1	1.671	0.768	-0.998	5	4	Male	-2.328
indiv761	0.581	1	-1.594	0.349	-0.998	1	4	Male	-1.673
indiv762	-0.147	1	1.211	-0.457	-0.998	5	2	Male	0.873
indiv763	-0.766	1	0.871	0.081	-0.998	4	3	Male	-1.694
indiv764	1.623	1	0.691	2.823	-0.998	4	5	Male	-2.878
indiv765	-0.11	1	1.45	-1.066	1.002	5	1	Female	6.025
indiv766	1.422	1	-0.694	0.466	1.002	2	4	Female	1.355
indiv767	-0.113	1	-1.575	0.383	1.002	1	4	Female	0.942
indiv768	-0.329	1	0.525	0.953	-0.998	4	5	Male	-1.736
indiv769	0.373	1	1.012	-2.269	1.002	4	1	Female	1.161
indiv770	1.03	1	-0.599	-1.245	-0.998	2	1	Male	-2.324
indiv771	2.706	1	0.412	0.101	-0.998	4	3	Male	3.025
indiv772	-1.035	1	0.986	-0.921	-0.998	4	1	Male	0.8
indiv773	-0.183	1	-0.541	-0.44	1.002	2	2	Female	-1.48
indiv774	1.078	1	-1.091	0.634	-0.998	1	4	Male	-0.4
indiv775	0.342	1	1.567	-0.055	1.002	5	3	Female	2.647
indiv776	-0.187	1	1.516	-0.78	-0.998	5	2	Male	-1.13
indiv777	-1.303	1	-1.239	-0.305	1.002	1	2	Female	-2.235
indiv778	-0.279	1	1.264	1.653	1.002	5	5	Female	1.407
indiv779	-0.185	1	-0.205	1.527	1.002	3	5	Female	0.477
indiv780	-0.082	1	0.777	-0.459	-0.998	4	2	Male	1.029
indiv781	1.612	1	0.826	1.474	-0.998	4	5	Male	-0.242
indiv782	-0.462	1	1.61	0.568	1.002	5	4	Female	-0.363
indiv783	-1.576	1	-1.301	0.841	1.002	1	4	Female	0.462
indiv784	0.496	1	-0.185	-0.957	1.002	3	1	Female	2.059
indiv785	-0.112	1	1.237	-1.512	1.002	5	1	Female	2.896
indiv786	-0.204	1	-0.377	1.263	1.002	2	5	Female	-4.043
indiv787	0.636	1	-0.2	-0.733	1.002	3	2	Female	-2.683
indiv788	-2.907	1	1.128	-0.634	-0.998	5	2	Male	-1.903
indiv789	-0.554	1	1.324	0.19	-0.998	5	3	Male	-0.574
indiv790	-0.153	1	-1.281	-1.619	1.002	1	1	Female	2.321
indiv791	0.605	1	-0.074	0.55	-0.998	3	4	Male	-0.216
indiv792	-0.261	1	1.236	1.26	-0.998	5	5	Male	-1.454
indiv793	-1.005	1	-0.981	-0.134	1.002	2	3	Female	-2.173
indiv794	0.373	1	1.393	-1.696	-0.998	5	1	Male	4.596
indiv795	0.019	1	-1.474	-0.593	-0.998	1	2	Male	0.131
indiv796	0.111	1	0.667	-0.563	1.002	4	2	Female	2.071
indiv797	1.157	1	-1.492	0.991	1.002	1	5	Female	1.651
indiv798	-0.542	1	0.033	0.999	-0.998	3	5	Male	-1.31
indiv799	-1.249	1	-0.248	0.267	-0.998	3	4	Male	-2.555
indiv800	-1.28	1	0.028	-0.396	1.002	3	2	Female	-1.415
indiv801	-1.024	1	-1.711	-0.165	1.002	1	3	Female	-2.409
indiv802	-1.388	1	0.07	0.629	-0.998	3	4	Male	1.548
indiv803	-0.049	1	-1.581	0.762	1.002	1	4	Female	-2.301
indiv804	1.811	1	-0.045	1.677	-0.998	3	5	Male	-1.044
indiv805	-0.1	1	1.62	-1.202	-0.998	5	1	Male	1.271
indiv806	0.777	1	1.273	0.342	1.002	5	4	Female	0.63
indiv807	-1.103	1	-0.289	0.227	-0.998	2	3	Male	-3.182
indiv808	-0.222	1	-0.549	-1.692	1.002	2	1	Female	1.363
indiv809	0.566	1	1.402	-0.228	-0.998	5	3	Male	-0.996
indiv810	-0.355	1	0.797	-0.558	-0.998	4	2	Male	-1.882
indiv811	0.785	1	1.534	-1.154	-0.998	5	1	Male	-0.717
indiv812	0.694	1	0.05	0.218	-0.998	3	3	Male	1.233
indiv813	-0.633	1	0.125	-2.34	-0.998	3	1	Male	-0.054
indiv814	-0.772	1	1.188	1.015	-0.998	5	5	Male	-0.164
indiv815	2.358	1	-0.036	1.424	-0.998	3	5	Male	-0.499
indiv816	-0.193	1	1.484	1.188	1.002	5	5	Female	0.363
indiv817	0.007	1	0.231	0.861	1.002	3	5	Female	-0.106
indiv818	-0.055	1	1.227	0.216	-0.998	5	3	Male	2.37
indiv819	-0.568	1	0.839	0.132	-0.998	4	3	Male	3.356
indiv820	-0.927	1	0.652	-0.133	-0.998	4	3	Male	0.144
indiv821	-1.136	1	0.967	-0.76	1.002	4	2	Female	-1.969
indiv822	0.914	1	1.664	0.178	-0.998	5	3	Male	-0.028
indiv823	-0.986	1	-1.712	0.704	-0.998	1	4	Male	-1.971
indiv824	0.667	1	-1.737	-1.29	1.002	1	1	Female	1.224
indiv825	1.407	1	0.025	-0.266	-0.998	3	2	Male	-0.817
indiv826	1.158	1	-0.587	-0.352	1.002	2	2	Female	1.862
indiv827	-0.139	1	0.763	0.27	1.002	4	4	Female	1.798
indiv828	-0.539	1	0.97	-0.858	1.002	4	2	Female	0.227
indiv829	-1.079	1	-0.277	0.906	-0.998	3	5	Male	-1.062
indiv830	-0.019	1	-0.927	-0.509	1.002	2	2	Female	-3.115
indiv831	-0.233	1	0.271	1.206	1.002	3	5	Female	0.166
indiv832	0.156	1	0.317	-0.519	-0.998	3	2	Male	0.81
indiv833	-0.604	1	1.056	1.147	1.002	5	5	Female	-0.795
indiv834	0.629	1	0.975	-0.349	1.002	4	2	Female	-0.092
indiv835	0.714	1	-0.246	0.603	1.002	3	4	Female	0.062
indiv836	1.076	1	-0.228	0.245	-0.998	3	3	Male	1.895
indiv837	2.25	1	1.49	-0.112	-0.998	5	3	Male	0.766
indiv838	0.198	1	1.14	1.424	1.002	5	5	Female	0.26
indiv839	-0.576	1	0.569	0.155	-0.998	4	3	Male	-2.274
indiv840	-0.077	1	-0.925	0.389	-0.998	2	4	Male	-0.025
indiv841	-1.628	1	-1.596	-0.161	-0.998	1	3	Male	-2.381
indiv842	0.13	1	0.098	-0.417	-0.998	3	2	Male	1.68
indiv843	-0.426	1	-0.301	2.115	-0.998	2	5	Male	-2.826
indiv844	0.406	1	0.117	-0.228	1.002	3	3	Female	1.823
indiv845	-0.269	1	0.71	0.116	-0.998	4	3	Male	-2.437
indiv846	-1.381	1	-0.186	0.297	1.002	3	4	Female	2.269
indiv847	0.037	1	0.185	0.145	1.002	3	3	Female	1.126
indiv848	-1.353	1	-0.66	1.36	1.002	2	5	Female	0.758
indiv849	0.897	1	-1.492	-1.155	1.002	1	1	Female	1.97
indiv850	-1.829	1	-1.769	-0.36	-0.998	1	2	Male	-0.079
indiv851	-0.142	1	-1.685	-1.124	-0.998	1	1	Male	1.334
indiv852	0.458	1	1.467	-0.694	1.002	5	2	Female	-1.27
indiv853	-1.52	1	-0.136	0.454	-0.998	3	4	Male	-0.747
indiv854	1.399	1	-0.87	0.795	1.002	2	4	Female	-0.782
indiv855	-0.885	1	0.847	2.734	1.002	4	5	Female	-1.064
indiv856	-0.506	1	1.115	0.463	1.002	5	4	Female	-2.282
indiv857	0.163	1	-0.952	-0.309	-0.998	2	2	Male	-0.623
indiv858	-0.337	1	0.925	-0.996	1.002	4	1	Female	-2.119
indiv859	-1.036	1	0.473	0.369	-0.998	4	4	Male	-1.817
indiv860	0.409	1	-1.641	0.875	-0.998	1	5	Male	-1.309
indiv861	-0.524	1	0.726	-0.438	1.002	4	2	Female	-0.889
indiv862	0.507	1	0.611	0.235	-0.998	4	3	Male	-0.088
indiv863	-0.505	1	1.131	0.213	1.002	5	3	Female	2.77
indiv864	-0.957	1	-0.955	-0.411	1.002	2	2	Female	-1.068
indiv865	-0.095	1	0.733	0.732	-0.998	4	4	Male	-0.074
indiv866	0.649	1	0.275	-1.408	1.002	3	1	Female	0.846
indiv867	0.242	1	0.298	1.936	1.002	3	5	Female	0.408
indiv868	-0.059	1	-0.284	0.029	1.002	3	3	Female	0.828
indiv869	-1.948	1	-1.584	0.39	-0.998	1	4	Male	-1.596
indiv870	1.451	1	-1.111	0.081	-0.998	1	3	Male	0.051
indiv871	-0.04	1	-0.72	-1.307	-0.998	2	1	Male	-2.265
indiv872	-0.864	1	-0.459	0.548	1.002	2	4	Female	-2.721
indiv873	-0.202	1	1.024	-0.134	1.002	4	3	Female	3.487
indiv874	0.261	1	1.488	-1.013	-0.998	5	1	Male	-0.479
indiv875	-1.518	1	0.568	0.347	1.002	4	4	Female	0.375
indiv876	0.717	1	0.7	-1.911	1.002	4	1	Female	1.649
indiv877	0.247	1	-1.144	1.463	1.002	1	5	Female	-0.198
indiv878	1.203	1	-1.246	-0.895	1.002	1	1	Female	4.561
indiv879	0.986	1	0.396	-0.143	-0.998	4	3	Male	-1.52
indiv880	-0.538	1	0.19	1.77	-0.998	3	5	Male	-0.003
indiv881	-0.49	1	-0.172	-1.425	1.002	3	1	Female	1.611
indiv882	-0.996	1	-0.054	1.601	-0.998	3	5	Male	-1.479
indiv883	-0.362	1	1.347	0.758	1.002	5	4	Female	-0.952
indiv884	0.944	1	-0.47	0.67	1.002	2	4	Female	2.186
indiv885	1.792	1	-0.089	-2.143	1.002	3	1	Female	3.197
indiv886	0.928	1	-1.02	-0.258	-0.998	1	2	Male	-0.136
indiv887	-1.83	1	-0.569	-1.373	1.002	2	1	Female	-2.203
indiv888	0.822	1	1.228	-0.709	1.002	5	2	Female	3.838
indiv889	1.036	1	-0.4	0.401	1.002	2	4	Female	0.082
indiv890	0.617	1	0.49	-0.879	1.002	4	1	Female	0.53
indiv891	-0.855	1	-1.124	1.03	-0.998	1	5	Male	-0.65
indiv892	1.065	1	0.761	0.024	1.002	4	3	Female	2.724
indiv893	0.729	1	1.364	-1.559	1.002	5	1	Female	0.578
indiv894	0.663	1	-1.199	0.805	-0.998	1	4	Male	-0.423
indiv895	-0.381	1	0.188	-0.607	-0.998	3	2	Male	-1.464
indiv896	0.846	1	1.638	-1.027	1.002	5	1	Female	3.901
indiv897	0.112	1	-0.834	1.122	-0.998	2	5	Male	-2.037
indiv898	-0.068	1	-1.143	0.284	1.002	1	4	Female	-3.209
indiv899	1.487	1	0.5	0.455	1.002	4	4	Female	4.659
indiv900	0.757	1	1.244	0.283	-0.998	5	4	Male	-0.245
indiv901	-2.874	1	1.025	-0.699	1.002	4	2	Female	1.275
indiv902	-0.427	1	1.086	-0.006	1.002	5	3	Female	-1.751
indiv903	-1.487	1	-0.613	-0.197	1.002	2	3	Female	-0.672
indiv904	0.589	1	-1.662	-0.653	-0.998	1	2	Male	0.092
indiv905	-0.443	1	-0.461	-1.661	1.002	2	1	Female	2.891
indiv906	0.901	1	0.41	0.44	1.002	4	4	Female	2.266
indiv907	0.468	1	-0.124	-0.669	1.002	3	2	Female	2.142
indiv908	0.022	1	0.742	1.253	1.002	4	5	Female	-0.139
indiv909	-0.085	1	-1.71	0.93	-0.998	1	5	Male	-1.241
indiv910	-0.361	1	-0.028	-0.312	1.002	3	2	Female	1.937
indiv911	0.2	1	0.175	0.291	-0.998	3	4	Male	-2.032
indiv912	-1.108	1	1.316	0.876	-0.998	5	5	Male	-1.124
indiv913	0.673	1	0.018	-0.299	-0.998	3	2	Male	-0.891
indiv914	-0.394	1	1.56	2.903	-0.998	5	5	Male	-2.761
indiv915	-0.744	1	-0.402	0.523	-0.998	2	4	Male	0.063
indiv916	-0.326	1	0.639	-0.114	1.002	4	3	Female	3.028
indiv917	1.875	1	-1.252	0.03	1.002	1	3	Female	0.431
indiv918	-1.758	1	-0.642	-0.061	1.002	2	3	Female	-1.878
indiv919	-0.349	1	1.206	1.244	1.002	5	5	Female	2.463
indiv920	0.107	1	1.526	1.18	1.002	5	5	Female	0.785
indiv921	-0.538	1	-0.658	0.108	1.002	2	3	Female	-1.45
indiv922	-0.411	1	-0.199	-0.177	-0.998	3	3	Male	-1.25
indiv923	0.382	1	0.147	0.547	1.002	3	4	Female	-3.502
indiv924	0.223	1	-0.99	-0.6	-0.998	2	2	Male	-0.933
indiv925	-0.674	1	1.646	0.032	1.002	5	3	Female	6.023
indiv926	0.567	1	-0.15	-0.204	1.002	3	3	Female	0.177
indiv927	0.179	1	-0.821	-1.395	-0.998	2	1	Male	-1.222
indiv928	0.686	1	0.465	-0.569	1.002	4	2	Female	3.106
indiv929	-1.327	1	-0.909	-1.097	1.002	2	1	Female	0.657
indiv930	-0.768	1	1.661	0.887	-0.998	5	5	Male	-0.013
indiv931	-0.193	1	0.173	-1.159	1.002	3	1	Female	-0.317
indiv932	0.959	1	-0.898	-0.14	-0.998	2	3	Male	-0.679
indiv933	-0.529	1	-0.434	-0.964	1.002	2	1	Female	1.47
indiv934	-1.033	1	-1.781	0.068	-0.998	1	3	Male	-2.823
indiv935	0.772	1	-0.701	-0.482	-0.998	2	2	Male	0.573
indiv936	0.465	1	-0.287	2.254	1.002	2	5	Female	0.464
indiv937	-1.226	1	0.515	-0.345	1.002	4	2	Female	-1.79
indiv938	2.047	1	-1.549	0.703	1.002	1	4	Female	1.061
indiv939	1.499	1	0.276	0.35	1.002	3	4	Female	-0.45
indiv940	-1.389	1	0.908	0.634	1.002	4	4	Female	0.047
indiv941	2.153	1	-1.295	0.968	-0.998	1	5	Male	-0.102
indiv942	-1.729	1	0.068	-0.494	-0.998	3	2	Male	-1.918
indiv943	0.102	1	-1.497	-1.121	1.002	1	1	Female	-1.509
indiv944	-1.141	1	0.993	0.619	-0.998	4	4	Male	-1.731
indiv945	-0.377	1	0.746	-0.92	1.002	4	1	Female	0.022
indiv946	-0.349	1	-1.345	1.298	-0.998	1	5	Male	-1.968
indiv947	0.323	1	-1.088	-1.082	1.002	1	1	Female	-0.397
indiv948	-1.124	1	-0.708	-2.506	-0.998	2	1	Male	-1.266
indiv949	-2.757	1	-1.196	-1.048	-0.998	1	1	Male	-1.077
indiv950	-0.096	1	-1.596	-0.524	-0.998	1	2	Male	-2.275
indiv951	-0.747	1	1.329	1.815	1.002	5	5	Female	1.587
indiv952	0.211	1	0.824	0.774	-0.998	4	4	Male	0.36
indiv953	-0.849	1	0.065	1.5	1.002	3	5	Female	-1.644
indiv954	0.792	1	-0.487	-1.295	-0.998	2	1	Male	1.639
indiv955	0.029	1	-0.759	1.056	-0.998	2	5	Male	-1.373
indiv956	0.603	1	1.45	-0.612	-0.998	5	2	Male	0.258
indiv957	-0.995	1	0.939	0.816	-0.998	4	4	Male	-1.439
indiv958	-0.211	1	1.602	-1.905	1.002	5	1	Female	2.116
indiv959	0.344	1	1.371	0.929	1.002	5	5	Female	-0.366
indiv960	-0.089	1	0.556	-0.316	-0.998	4	2	Male	-2.7
indiv961	1.654	1	1.14	-0.204	-0.998	5	3	Male	-0.507
indiv962	-1.963	1	-0.576	1.259	-0.998	2	5	Male	-2.055
indiv963	0.756	1	-1.244	0.329	-0.998	1	4	Male	0.85
indiv964	0.014	1	-1.719	0.074	-0.998	1	3	Male	-0.479
indiv965	0.946	1	-0.837	0.774	1.002	2	4	Female	1.924
indiv966	-0.099	1	-1.6	-0.884	-0.998	1	1	Male	-0.33
indiv967	-2.74	1	0.393	-1.312	-0.998	4	1	Male	-0.03
indiv968	0.42	1	-1.564	1.026	-0.998	1	5	Male	0.033
indiv969	-0.218	1	-1.488	1.355	1.002	1	5	Female	-2.33
indiv970	-0.989	1	-1.308	0.46	-0.998	1	4	Male	-3.346
indiv971	-0.656	1	-0.561	-0.031	1.002	2	3	Female	-0.143
indiv972	0.056	1	0.713	1.351	-0.998	4	5	Male	-1.864
indiv973	2.452	1	-0.061	0.121	-0.998	3	3	Male	-1.354
indiv974	0.188	1	-0.31	0.354	-0.998	2	4	Male	-0.266
indiv975	-0.98	1	-0.132	0.091	-0.998	3	3	Male	-2.611
indiv976	1.904	1	0.489	0.705	1.002	4	4	Female	7.464
indiv977	-0.439	1	0.268	-1.158	1.002	3	1	Female	0.979
indiv978	-0.83	1	1.412	-0.472	1.002	5	2	Female	2.554
indiv979	-1.247	1	0.213	-0.217	1.002	3	3	Female	1.596
indiv980	-0.674	1	-1.682	-1.592	-0.998	1	1	Male	-1.989
indiv981	1.935	1	1.055	0.724	-0.998	4	4	Male	0.527
indiv982	0.907	1	-1.384	0.186	1.002	1	3	Female	-1.493
indiv983	0.737	1	-0.115	-0.71	1.002	3	2	Female	1.924
indiv984	0.147	1	1.042	0.316	-0.998	4	4	Male	0.891
indiv985	0.283	1	-1.078	0.144	-0.998	1	3	Male	-0.987
indiv986	0.589	1	0.756	-0.705	1.002	4	2	Female	-4.023
indiv987	0.216	1	-0.209	0.038	-0.998	3	3	Male	0.538
indiv988	0.155	1	-1.443	-0.757	1.002	1	2	Female	-0.712
indiv989	0.954	1	-0.331	0.495	1.002	2	4	Female	3.443
indiv990	-0.166	1	1.434	-1.369	1.002	5	1	Female	2.335
indiv991	0.255	1	0.014	0.133	1.002	3	3	Female	-0.384
indiv992	-0.897	1	-0.135	0.795	1.002	3	4	Female	-1.832
indiv993	1.584	1	1.465	0.174	-0.998	5	3	Male	1.067
indiv994	1.393	1	-1.749	-0.778	-0.998	1	2	Male	-1.45
indiv995	-1.812	1	0.709	-1.073	1.002	4	1	Female	1.763
indiv996	-0.216	1	0.824	-1.594	-0.998	4	1	Male	1.17
indiv997	0.55	1	1.578	0.418	1.002	5	4	Female	1.668
indiv998	0.483	1	-0.128	0.155	-0.998	3	3	Male	0.822
indiv999	0.761	1	1.243	0.033	1.002	5	3	Female	-0.814
indiv1000	-0.446	1	0.788	0.647	1.002	4	4	Female	-1.552
