personid	mean	sd
indiv1	-2.36258469169616	0.946462526019412
indiv2	-0.223253286974343	1.25276214240261
indiv3	1.46765668440238	2.0691747429785
indiv4	-0.314633410908784	2.03302055893143
indiv5	-0.753140577091842	1.10923926544947
indiv6	1.15117078101986	2.05829827028288
indiv7	-0.68600792781131	1.24973404373873
indiv8	-0.893411235427151	1.18676820880509
indiv9	-0.245388023058497	1.36298120671217
indiv10	0.0959554650606618	1.90709237390392
indiv11	-1.21796769129308	1.10505435954516
indiv12	-0.195182968233921	1.43938094826418
indiv13	-0.976720124818786	1.20422848909608
indiv14	-1.21647337700076	1.04997275276579
indiv15	0.745365647515627	1.81049482326594
indiv16	0.853202761977038	2.05371437384173
indiv17	-1.30342292723297	1.38952184946995
indiv18	-1.05865815844699	1.19933648491807
indiv19	-0.212562957066002	1.79031698313461
indiv20	1.18044409104981	1.34363534264529
indiv21	1.16526291749381	2.14552573608222
indiv22	-0.616862590465943	1.25823705369146
indiv23	0.683239863092193	2.06366917889981
indiv24	-0.144655984823765	1.5866380493125
indiv25	-1.61044596601441	1.04511019765325
indiv26	-0.530279940917801	1.40696944308467
indiv27	-0.355185394846204	1.1869062814573
indiv28	0.0955099153245251	1.93079620165271
indiv29	-0.902405005346451	1.1308532413242
indiv30	0.352394385760057	2.01102406101446
indiv31	0.172639958081362	1.2543666173598
indiv32	-0.0392344153301001	1.78587580367226
indiv33	-1.01084256437737	1.18186647674758
indiv34	-1.39144513825057	1.07537553182565
indiv35	-2.31363206257817	0.995040213789439
indiv36	0.182366143866679	1.99542411260026
indiv37	-1.71730396438704	1.18745052474147
indiv38	-1.37321918384375	1.17053967246651
indiv39	-0.267633754519737	1.66884628039356
indiv40	-0.40239819185148	1.30621095103629
indiv41	0.465936815017547	1.28494014859224
indiv42	-0.827864953356128	1.27332459026765
indiv43	-1.7107788130101	1.04176900046355
indiv44	0.506800001422731	1.96225470216447
indiv45	0.182777163110765	1.96214209365557
indiv46	-0.39696126300217	1.37949318721381
indiv47	-1.00903909740456	1.22810859524568
indiv48	-0.00124255107456472	1.93827860316295
indiv49	-0.735187320210971	1.22613644161444
indiv50	-0.160614186035357	1.37392940170214
indiv51	-0.777549070854203	1.3791726057225
indiv52	-0.00353355873617789	1.81846927986696
indiv53	-0.705832517191909	1.31426865694271
indiv54	-0.760851076049549	1.28150239978845
indiv55	0.353378121602864	1.87682782650551
indiv56	-0.523046358355518	1.15588932177555
indiv57	2.23291740298356	2.274162316586
indiv58	-0.282149029256555	1.75268446367847
indiv59	0.26421765296647	1.53903066439216
indiv60	-0.0433071433562902	1.90901055701959
indiv61	0.478491692692813	1.3974726155477
indiv62	2.26672435595257	2.09883511109062
indiv63	-0.729542270336299	1.16659286144102
indiv64	-0.937628661657032	1.19338756860084
indiv65	0.853600777631908	2.02776193587179
indiv66	1.22319096195246	1.45334325067016
indiv67	-0.850952848975719	1.61647695133726
indiv68	1.31022729603968	1.94513235234471
indiv69	0.0603940118565661	1.51943538606405
indiv70	-0.924070837940229	1.08186213569509
indiv71	-0.977491604131815	1.10719915538616
indiv72	-1.4681528055719	1.04995087900229
indiv73	1.21472098426804	2.27603857645237
indiv74	-0.297972265418389	1.18998125329407
indiv75	0.620245382385704	1.24582046099841
indiv76	0.0821794302714519	1.7776465434358
indiv77	-0.72048150944781	1.70086127971402
indiv78	0.33978573806359	1.97519590443267
indiv79	1.39883466992737	2.21667737016146
indiv80	0.0866472235815917	1.79792122307432
indiv81	0.337804691614917	1.87023165884909
indiv82	-0.0663983179802617	1.71423286592466
indiv83	-0.332370208964647	1.83136713650247
indiv84	-0.240945590831547	1.30899244417118
indiv85	0.719303738963049	1.81809653050264
indiv86	0.638980597786219	1.8196251777709
indiv87	-0.385995042913402	1.18732684924585
indiv88	-0.819160040353548	1.18722931120985
indiv89	0.332591943668702	1.47752083903651
indiv90	-0.518015702546975	1.3669478893305
indiv91	0.991880991830399	2.11224423712879
indiv92	-0.475705239583458	1.20014254931661
indiv93	1.61330642981891	2.00764418271095
indiv94	-0.00703322470181977	1.54771974491032
indiv95	-1.01438685436813	1.15866841685693
indiv96	-0.519048209517654	1.17195360718897
indiv97	-2.27691803046613	0.955193481732127
indiv98	1.22165012931426	2.01621009976872
indiv99	-0.628806449522078	1.07982831869397
indiv100	1.78043124933565	1.98394193808416
indiv101	-0.325023107914056	1.21405955591414
indiv102	1.32220095998176	2.35084543582251
indiv103	-0.214224592199886	1.28817344916286
indiv104	0.0945856368431776	1.84443109982302
indiv105	0.297345433258525	1.97600027173721
indiv106	0.704217579172074	1.94550379491381
indiv107	-1.25824563499884	1.1484203330825
indiv108	1.45781376726819	2.2610282491327
indiv109	1.83539944884696	2.40037046840532
indiv110	-0.14290008982118	1.31935887699667
indiv111	-0.546510847071213	1.23676685125403
indiv112	0.135789552962955	1.8801495511796
indiv113	-0.721440796408339	1.6569718253127
indiv114	0.79295323887648	1.83983133305449
indiv115	-0.546328082456073	1.20647671477751
indiv116	2.27631103180049	2.4985756519461
indiv117	-1.75532558585329	1.07671211769261
indiv118	-0.401414617869648	1.55246850226287
indiv119	-0.30557130649903	1.18561536630678
indiv120	-0.54051204147305	1.2146497025727
indiv121	0.987463631473919	2.13852857100269
indiv122	-0.708608712717992	1.60956930363502
indiv123	0.331228053287462	1.17674467288029
indiv124	0.0677032888937599	1.27530679701425
indiv125	-0.172145405354217	1.08840793871662
indiv126	-0.722628384136003	1.16081278581887
indiv127	0.461372775301519	1.99558790373783
indiv128	-1.27512787937438	1.21879967642816
indiv129	0.977019503884138	2.22728850335904
indiv130	-0.582959867207108	1.17426092624661
indiv131	0.254359412631146	1.28007788035293
indiv132	0.278069216457647	1.76647170550729
indiv133	-0.921603297533376	1.25887396809704
indiv134	1.82511676344128	2.31312010090184
indiv135	0.521137923294575	2.24244006667303
indiv136	1.20252285979955	2.26632155729544
indiv137	-0.961834235922605	1.14984616211365
indiv138	-0.50632444041538	1.88150377961232
indiv139	0.786477193469914	1.83608159914635
indiv140	-0.519337782579609	1.29559135942582
indiv141	-0.283650581192883	1.66964575923565
indiv142	1.28407642824352	1.93700215626753
indiv143	-0.389048084296561	1.17182203395136
indiv144	0.7823158545274	2.02550516734824
indiv145	-0.320949742897075	1.52404262539517
indiv146	-1.44510455465011	0.970661122305761
indiv147	-0.924868881715678	0.951064667696912
indiv148	0.548165703668021	1.86802916263908
indiv149	0.2936476936135	1.36750168203805
indiv150	-0.626604238567775	1.14888316186201
indiv151	0.555702284777254	1.9920338458785
indiv152	1.06416144781623	2.10853630424018
indiv153	0.353365469191707	1.23355194326031
indiv154	1.38596488320928	2.47548886697631
indiv155	-0.889807300713352	1.11392075054727
indiv156	1.50136520249507	2.03178201307297
indiv157	-0.521157958749036	1.24291805986367
indiv158	-0.469916101511603	1.3620648538126
indiv159	-1.25327480334277	1.14206903766402
indiv160	1.26307769065157	2.28721219414482
indiv161	-1.60298072226725	1.06718584420827
indiv162	-0.111670110446603	1.72029324063231
indiv163	1.04691765744198	2.20861530525805
indiv164	-0.0810453885215622	1.71351233513329
indiv165	0.908613816447809	1.97882001158593
indiv166	1.63258239196322	2.23670294187564
indiv167	1.37545698936992	1.90922380158191
indiv168	0.196772638243953	1.79978348325997
indiv169	1.07750480788556	2.20025521677474
indiv170	1.59776541573041	2.04284965439228
indiv171	0.824550889015753	1.34776266422897
indiv172	-0.794502318332358	1.15011655691414
indiv173	-0.216189918134751	1.34076229168142
indiv174	-1.17569535862225	1.61833952410223
indiv175	0.642325319266611	1.69527334235544
indiv176	-0.406984889804003	1.71037893216855
indiv177	-1.10814133231987	1.20472866246118
indiv178	1.51799162593729	1.71607527740095
indiv179	-0.302057238398999	1.24205941601924
indiv180	-1.07444350115236	1.09462014298472
indiv181	-0.494165447038264	2.03798511530767
indiv182	-0.793733091185022	1.16112812062417
indiv183	0.252550681290986	1.29610907675121
indiv184	0.32430940057344	1.38696620871925
indiv185	-0.100024034266697	1.20985981539438
indiv186	0.784870368242627	1.30451128420224
indiv187	1.44587682991143	2.04414250043176
indiv188	-0.559096245965692	1.26711847503615
indiv189	-0.346326367604922	1.17575681904151
indiv190	-0.378343383672382	1.27831590791122
indiv191	0.677850932496725	1.63737202170424
indiv192	-1.54364863510794	1.32056510507758
indiv193	-0.43256175134426	1.34486213583034
indiv194	0.893022745360114	1.54317702022728
indiv195	0.646362236550172	1.23964632831448
indiv196	-0.507901822668116	1.15899676029179
indiv197	-0.0519716953779502	1.2567004624272
indiv198	-0.552398514328549	1.68688886156046
indiv199	1.20563969343222	2.14716844661613
indiv200	-0.426784337025933	1.92999660527115
indiv201	0.970062041604041	1.98629938410944
indiv202	-0.857026570120845	1.06262811265845
indiv203	-0.644786243811017	1.16358349474077
indiv204	0.200121569770192	1.31102870681787
indiv205	-0.961117394704015	1.08209836015026
indiv206	1.31499564065442	2.07573460510931
indiv207	0.83309850450011	1.68623763140378
indiv208	-0.978021181137108	0.992158296907896
indiv209	-1.14866348788495	1.06689049279084
indiv210	-0.35625394855586	1.78819642728552
indiv211	0.388429465033875	1.4043195548676
indiv212	-1.40699445431769	1.06143489223107
indiv213	1.28661450537859	1.50988366584131
indiv214	-1.43039814590559	1.18466680917331
indiv215	-0.765900557879833	1.20507649291426
indiv216	-0.754147625445264	1.11186709165053
indiv217	0.117986285995281	1.40910206457127
indiv218	-0.391425947106252	1.6811758424717
indiv219	-0.945505715744587	1.15192595010246
indiv220	0.80946906376178	1.90036204089454
indiv221	0.170094223975999	1.62462809375315
indiv222	0.836561398434153	1.499936388798
indiv223	-0.229468024619529	1.02822390505621
indiv224	1.09679481558778	1.90171921608049
indiv225	0.946957349642965	2.01463087437628
indiv226	0.790797769356429	2.1420409177612
indiv227	1.19935722065595	1.28582079594943
indiv228	1.52215721605612	2.18468761081979
indiv229	0.983921949009377	2.23367544569766
indiv230	0.135151170571097	1.36658386591313
indiv231	0.339007007859701	1.89961601590165
indiv232	1.02295747529811	2.16427126838631
indiv233	-0.567132889433657	1.32669539849622
indiv234	1.40065679249231	2.24797979909874
indiv235	-0.175747065902378	1.26539237085317
indiv236	-0.803075519263642	1.28613668971062
indiv237	-0.776661871967229	1.5953255985135
indiv238	-0.512740753256882	1.59099099157296
indiv239	1.44772650997875	2.29167861016695
indiv240	0.470114876250306	1.77952816255808
indiv241	-0.993238364352305	1.39368617912678
indiv242	0.615765358514864	1.47199432124643
indiv243	0.0373763051228662	1.92384144135108
indiv244	0.660561311520258	1.82959455893707
indiv245	1.4597399223197	2.14357837423068
indiv246	0.36693274302857	1.79226720938089
indiv247	-0.98476312076875	0.967764467149509
indiv248	-0.534415389756524	1.17190606055995
indiv249	0.277250112810856	1.76152574870974
indiv250	-0.337657300376687	1.56363832240788
indiv251	0.0562435126648513	1.66529731536225
indiv252	1.02782045081792	1.89782375416792
indiv253	-0.185058271464276	1.24264081827542
indiv254	-0.00529143427386958	1.26283275104827
indiv255	-1.25172693332613	1.48939553602859
indiv256	0.399809667782376	1.93295147552901
indiv257	0.356779481240419	1.25803421029042
indiv258	-1.54795445520801	1.11541368684584
indiv259	-0.860951482372482	1.10576063404315
indiv260	0.557722721181777	1.83848243218328
indiv261	-0.312362458002038	1.1548059506407
indiv262	0.827552837207862	2.10121441083559
indiv263	-0.0494807831341317	1.67674368630811
indiv264	-0.193562216675757	1.97162316428551
indiv265	-0.194357211948128	1.26243243886546
indiv266	-0.766855803319192	1.56994956563131
indiv267	0.4885682585467	1.93870113987776
indiv268	1.12463708810321	2.42284733432967
indiv269	1.25003384798817	2.12534342551575
indiv270	-0.753571746515589	1.08581019732443
indiv271	0.324445461229659	1.89470537558222
indiv272	0.611591765360971	1.27791252079851
indiv273	0.265029703140745	1.69156628784869
indiv274	0.505876129049535	1.72882712741412
indiv275	0.485582193082332	1.53877453927238
indiv276	-0.823132012996204	1.22543605565726
indiv277	1.0388313284714	1.95081652937569
indiv278	0.746047371884585	1.81043848495343
indiv279	1.22256971268571	2.20033775510909
indiv280	0.0899657755017642	1.33879965958377
indiv281	-1.35973823487792	1.13293856127888
indiv282	-0.447001634903298	1.18006649602015
indiv283	-0.626269063416254	1.28189283707624
indiv284	0.573987261605986	1.40467353273903
indiv285	0.0424943529089867	1.8746513962694
indiv286	-0.387717552196072	1.2130625093436
indiv287	-0.422226659017626	1.34978548716836
indiv288	-1.19249181404204	1.09014362527787
indiv289	-1.57817069639185	1.14750926953283
indiv290	0.361952787564405	1.82264491866643
indiv291	0.490935367334356	1.35648325645139
indiv292	2.0020305649763	2.52435315123862
indiv293	-0.144464234288183	1.99348127795016
indiv294	-0.0919136550503676	1.78633816326346
indiv295	0.617249522331833	1.30355240189488
indiv296	-0.999178905422547	0.922652711474961
indiv297	-1.05997377884314	1.22305885322065
indiv298	-0.65677462421135	1.23462003741689
indiv299	0.164455584873336	1.35143792256291
indiv300	0.660430506750057	1.89738757836697
indiv301	0.227750578276854	1.898826657222
indiv302	-0.226065818584745	1.79595920784831
indiv303	-0.575228415058968	1.22121954556608
indiv304	1.04186316593972	1.91439043246764
indiv305	0.500244086834113	1.89516345633839
indiv306	0.882069219252045	2.19235340100902
indiv307	0.895865484851726	2.15565857337638
indiv308	1.29158698439238	1.89175680732185
indiv309	0.467169255475866	1.97474718588975
indiv310	-0.210370989758721	1.19781104700694
indiv311	2.06092440316809	2.24949439181123
indiv312	0.944564289527702	1.97926440393347
indiv313	0.489661932636676	1.98010846272529
indiv314	-0.637756313053205	1.19044455558295
indiv315	-1.40015233186573	1.3604113757748
indiv316	-0.56635296635217	1.06730065541064
indiv317	-0.455233743187198	1.25244637281167
indiv318	1.40607491795178	1.9525714284197
indiv319	0.0458811339270281	1.44648364027237
indiv320	-0.70865409568848	1.25232268799403
indiv321	0.0407939108476104	1.34774384892617
indiv322	1.25904705821447	2.20098406867603
indiv323	-0.588414767253035	1.25608546587096
indiv324	-0.873738391367257	1.68107749264124
indiv325	1.88502109417099	2.49904015694391
indiv326	0.936467511732307	2.23118616163414
indiv327	0.163801292677626	1.59254131154616
indiv328	-0.456008502161695	1.35252821711393
indiv329	0.614976826117562	1.73274593424607
indiv330	-1.51514979964704	1.06460664341157
indiv331	-1.06440382561942	1.05764801016616
indiv332	1.03175950336614	1.93989095213579
indiv333	0.469103913915499	1.98077242132749
indiv334	1.08124502330225	2.02575098744611
indiv335	0.698554601428959	1.99539268707088
indiv336	-1.14078304034685	1.5235842340144
indiv337	-0.121154803811988	1.72909760060204
indiv338	1.83199883372265	2.11820842855134
indiv339	-1.00829277007002	1.12911854113306
indiv340	-0.0565630406761735	1.8352050581888
indiv341	0.569271164936855	1.9323467511313
indiv342	-0.669777348450268	1.13909705279139
indiv343	0.404741861217157	1.33117177998208
indiv344	0.673352700162259	1.74926915093925
indiv345	0.98169139769553	2.07378605505773
indiv346	0.345390400246031	1.29613806565635
indiv347	-1.2804180321364	1.12397757365933
indiv348	-1.41401172057678	1.28218632841706
indiv349	-0.573364290318797	1.26327586097108
indiv350	-1.54469335956032	1.04477559651779
indiv351	-1.40069537255985	1.28792434273227
indiv352	0.203826780406488	1.68573869446447
indiv353	-0.881338953810986	1.22863939021727
indiv354	-0.466933303554976	1.59858068498324
indiv355	-0.793915775510615	1.71664770018645
indiv356	-0.636252057855293	1.12219999392452
indiv357	-0.0472572523319623	1.10634154392732
indiv358	0.172063658288361	1.93628894771418
indiv359	-0.87854538689737	1.14285983795895
indiv360	0.512930304075103	1.23731561373445
indiv361	0.800759895206811	1.83156960863114
indiv362	1.52798767201201	1.52392913899748
indiv363	0.0271407064454222	1.7192144979628
indiv364	-1.70115464985877	0.973190566424012
indiv365	-1.51818382745884	1.04993028538829
indiv366	1.99679046719444	2.22966145977721
indiv367	0.0166524247564631	1.96286445222684
indiv368	0.125597767555757	1.70014310556977
indiv369	-1.13708704056929	1.07617395746505
indiv370	1.33819198266353	1.78773951189407
indiv371	1.19667711095069	2.31907087404414
indiv372	-1.36198859221852	1.51447301417397
indiv373	0.16546524543962	1.73276675334789
indiv374	0.418006594654103	1.47566623954508
indiv375	-1.15692911852648	1.16144335868616
indiv376	-0.708432607173453	1.46471739500906
indiv377	0.669667116685429	2.02148461193939
indiv378	-0.21037369863747	1.75614122271991
indiv379	0.697752461862198	1.88267105672542
indiv380	0.542894559192635	1.98642054931981
indiv381	-0.629880492935322	1.81486083612602
indiv382	-2.09817235381001	1.1535631057858
indiv383	-0.829157963691286	1.53624798828636
indiv384	-0.0763932895091126	1.45910146656673
indiv385	-0.540940113193225	1.11361930113003
indiv386	0.341080378483646	1.28427883899868
indiv387	-0.624021915169591	1.07770458861408
indiv388	0.077315332960789	1.68443344497213
indiv389	-0.374251520367292	1.46076171931728
indiv390	-1.26019271159896	1.0250565551374
indiv391	1.72666445175464	2.06742892126282
indiv392	-1.62711655084263	1.7413862811732
indiv393	-0.240876026946036	1.38557925884445
indiv394	0.334508720492496	1.29913892083326
indiv395	-0.86856276924742	1.07294124422394
indiv396	0.159705576102988	1.29538771344111
indiv397	0.664431309050922	1.87008221114711
indiv398	-1.0667604463665	1.03744193175287
indiv399	0.280844907446215	1.80883559819376
indiv400	-1.54048230126104	1.08261996365893
indiv401	-1.13163994211537	1.53971590381792
indiv402	-0.711232019995905	1.1688383904093
indiv403	0.843664380129924	2.12751212637016
indiv404	-0.174996336074229	1.8070821053427
indiv405	0.183089927733215	1.34856093563322
indiv406	0.703630535474474	1.53727028741054
indiv407	0.377747449381682	1.59560172419441
indiv408	0.173618522797276	1.99139079505461
indiv409	0.137474631760711	1.4659219566011
indiv410	1.07248971852054	2.1504490779368
indiv411	-0.282654215318528	1.87101785756337
indiv412	-0.849697534891858	1.17603792966272
indiv413	-0.0777261874239596	1.42868198015185
indiv414	-1.23100713335938	1.65557553720129
indiv415	0.495389457875878	1.95155884335237
indiv416	-1.37515154050714	1.07873382512956
indiv417	1.48065741228787	2.06321070072945
indiv418	-0.141135076617572	1.39997015175156
indiv419	0.905838862959102	1.5342452744928
indiv420	1.49143329413947	2.28928690828351
indiv421	-0.454271439940041	1.76472798402818
indiv422	-0.874340205354191	1.09387495473354
indiv423	0.554796649084792	1.93221296025814
indiv424	0.469212724919228	1.8547829527813
indiv425	-0.679765602346745	1.10165129324861
indiv426	0.617662514002607	1.51614055900225
indiv427	1.06652814209202	1.81522699945556
indiv428	-1.04485853890649	1.0851944393339
indiv429	-1.4536412609018	1.14463573106496
indiv430	-0.0410363762995284	1.2511279918923
indiv431	-0.74275074009776	1.316766289685
indiv432	-1.28555186614579	1.59992618939061
indiv433	1.32733748653887	2.42584714089089
indiv434	-0.890549045289503	1.21180284374309
indiv435	-0.194741405582632	1.38523377793571
indiv436	1.80836913648015	2.11062958637845
indiv437	1.37382648358067	1.92597036621335
indiv438	-0.571812437933924	1.12116328538628
indiv439	-0.445638008069594	1.40646357487818
indiv440	0.465626448875616	1.87568496314694
indiv441	1.34470368077798	2.14683712081793
indiv442	0.758398536091233	2.02526197845517
indiv443	0.332785374546307	1.79938179275956
indiv444	-1.16681263668212	1.17662790132936
indiv445	-0.99262700610233	1.26162347446556
indiv446	-0.0856164512822654	1.15176920442123
indiv447	0.123771977571249	1.35057792254148
indiv448	0.846946314985678	2.12405630233489
indiv449	0.794215048372525	1.94849217159275
indiv450	-0.134037000703001	1.07254502588559
indiv451	0.181259504009333	1.34611076288554
indiv452	2.08605367652192	2.27240654895101
indiv453	0.186522759302976	1.22798555235284
indiv454	0.420662352960576	1.9494988107354
indiv455	0.157108793302218	1.29282549387037
indiv456	-0.7729205219678	1.23420385304238
indiv457	-1.16505054850659	1.57184611589453
indiv458	-0.955426537863177	1.25352725423929
indiv459	-0.910036081507488	1.1473626638967
indiv460	0.534658370474267	1.26179569088851
indiv461	-0.460805013792036	1.22386526706062
indiv462	-0.463842797444898	1.33494902792368
indiv463	0.456925267338913	1.45040761756585
indiv464	-0.789308482338055	1.07367416230045
indiv465	-0.974108247492437	1.59803394902759
indiv466	-0.607388607754346	1.33015675344327
indiv467	-0.522840882559274	1.86633634462397
indiv468	-1.77476882558534	1.07406881391819
indiv469	1.02431409787514	2.30445876364743
indiv470	-0.0112030352025968	1.76649536032384
indiv471	0.0654784676451055	1.18750356467778
indiv472	0.863753888680976	1.47117111534242
indiv473	-0.0730527852104842	1.65029704112364
indiv474	-0.430260422965731	1.31626316394301
indiv475	1.0023160872973	2.10548671498082
indiv476	1.13942376228814	2.04450024852939
indiv477	1.04189257874523	2.22811337902863
indiv478	1.50939336328128	2.09981361874332
indiv479	0.631739541100314	1.74297682941405
indiv480	-0.368806167309026	1.40969526511485
indiv481	-1.02715044800149	1.18434788283619
indiv482	1.27685530920429	1.96436165957381
indiv483	-1.44098916536247	1.19836542519379
indiv484	-0.725799759257896	1.12005806577916
indiv485	0.12655705541158	1.35912660071598
indiv486	1.936264330136	1.83642651397301
indiv487	-0.760522571799374	1.92855195781248
indiv488	-0.690882779795843	1.27647371975874
indiv489	-0.384424897785464	1.17219302320356
indiv490	1.18514396201053	1.85027692219759
indiv491	0.345005910111984	1.68577591185067
indiv492	-0.550629579003489	1.76788836946294
indiv493	1.98680532744983	2.05071145506828
indiv494	-1.04229203668274	1.65074560358058
indiv495	-1.73843923262637	1.06702576804369
indiv496	0.61155824887565	1.95128893070819
indiv497	1.34551931707455	1.80760356399552
indiv498	-0.621334447135862	1.13315106930513
indiv499	0.198802263791206	1.30520927916761
indiv500	0.396281242225125	1.22848480077136
indiv501	1.96619921248346	2.31545281667047
indiv502	-1.11658178815105	1.21940057889902
indiv503	-0.19762473494874	1.21002686047803
indiv504	-0.692807472312955	1.50428645488331
indiv505	1.10499060591057	1.41244699350176
indiv506	-0.476131828580408	1.25517597716087
indiv507	0.394819201809059	2.15672826891714
indiv508	-0.945504293104823	1.06205980204488
indiv509	0.230173946293879	1.36944732043514
indiv510	1.59824538618541	2.37042264340803
indiv511	-1.0693979770866	1.20741156108342
indiv512	-1.15174191607547	1.16011856699778
indiv513	0.460420788171939	1.88560159632369
indiv514	0.130540532179571	1.58295201219215
indiv515	1.11456572985719	2.22608529698418
indiv516	-0.444553235856303	1.71106688217421
indiv517	-1.55583267600053	1.63660094703279
indiv518	0.193179610749042	1.34292486594278
indiv519	-0.30283879738522	1.22029857522895
indiv520	0.691194513815654	1.72847104316692
indiv521	-0.49061537292009	1.05784031102498
indiv522	-0.722343153361667	1.18273059448305
indiv523	1.66057498026778	2.11208989633732
indiv524	-1.58107168691749	0.986726917188408
indiv525	0.939281418291902	2.21776700020735
indiv526	-1.52249469347562	1.08013325201503
indiv527	-0.696268734825517	1.21044458971094
indiv528	-0.707017891554744	1.14532009163388
indiv529	0.488160660192314	1.90359003019271
indiv530	1.09045208860522	1.65166418559541
indiv531	-0.0702049622208319	1.30694477154421
indiv532	-0.0337444536670884	1.5906199475574
indiv533	-0.614658988938682	1.2245681967505
indiv534	2.08466947271391	2.21686520458863
indiv535	0.33186647589629	1.75423085737684
indiv536	-1.33342470760837	1.1596906340241
indiv537	-1.79078361634119	0.96770305953492
indiv538	0.27769034757999	1.72454890058166
indiv539	-0.85943574139762	1.18697030055961
indiv540	1.31460450132501	2.15676479330189
indiv541	-0.0338012272573727	1.62641493344469
indiv542	0.658032802074383	1.71739884656544
indiv543	-0.0569226913763697	1.42245451668264
indiv544	0.176553644522068	1.78069498122993
indiv545	-0.697861943705264	1.24510421427338
indiv546	0.149545088909233	1.9723150294892
indiv547	-0.298549637192306	1.94098299453837
indiv548	-1.54675409735209	0.971648510503278
indiv549	0.856934377252407	1.92533252142661
indiv550	-0.174193858211534	1.21990086053272
indiv551	-0.212581096963572	1.88713532311556
indiv552	-1.82646060018579	1.04912440786278
indiv553	-0.461000476335379	1.38538077294863
indiv554	-0.145033731954217	1.40959347844761
indiv555	-0.308503519517934	1.5829014892887
indiv556	0.482481978699509	1.77553224722701
indiv557	0.749769554332603	2.16931401228088
indiv558	-2.44684302371797	1.09839325309803
indiv559	-1.36755388332209	0.932277969580385
indiv560	0.841135086295096	1.90597146253809
indiv561	-0.234480154471087	1.74881112681154
indiv562	0.352732219422366	2.05288552675504
indiv563	-0.443917935544251	1.61345727373593
indiv564	0.408509985342579	1.85033757953695
indiv565	-0.423546837323082	1.46324919648304
indiv566	1.77410092572843	2.14029476463771
indiv567	-0.763779069884595	1.26677516933278
indiv568	0.890170028567262	1.98998932285409
indiv569	1.82219750379328	2.1718282990386
indiv570	-1.10034460578173	1.17918077031081
indiv571	0.362990888772455	1.49004688496809
indiv572	-1.81406887201329	1.11868136204452
indiv573	-0.981410509730533	1.07735080715246
indiv574	-1.17599183001446	1.13586087306541
indiv575	0.387646517078844	2.03167561024445
indiv576	-1.08693542439082	1.17389371247217
indiv577	0.675685309309975	1.48417402155195
indiv578	0.707283078497607	2.45521171125506
indiv579	-0.0613899686660289	1.39618325131953
indiv580	-0.800395320851755	1.27275026028633
indiv581	-0.328417781782656	1.39341271682923
indiv582	0.107244966692443	1.31172315123326
indiv583	0.9168115136847	1.99160757929777
indiv584	0.382819341104548	1.87497762687907
indiv585	-0.0657167599017859	1.60094071769018
indiv586	-1.80050384813306	0.998791162983979
indiv587	-0.372473777145213	1.94749489423261
indiv588	-0.882802778802927	1.01156478416056
indiv589	-0.91550348964048	1.15049243187571
indiv590	0.684828079351191	2.04454761019486
indiv591	0.0351567787931943	1.33522689341944
indiv592	-0.756087229488772	1.36332631764673
indiv593	0.69095464307943	1.8981428632707
indiv594	0.250300109704082	1.3017954624462
indiv595	-1.2983155266237	1.03547040842857
indiv596	-0.653280174662081	1.25163069648173
indiv597	-0.900181062177634	1.16394462412488
indiv598	0.355292419137381	1.69748588680512
indiv599	-1.1229869006842	1.17649362203364
indiv600	0.650389290465952	2.15218584919112
indiv601	1.21167688928909	2.12660442644462
indiv602	0.181073146247467	1.32295883835127
indiv603	-0.8172764362552	1.3572095845569
indiv604	0.570262817958177	1.78920445868061
indiv605	0.651061560160835	1.54288017807261
indiv606	-0.260119121105898	1.30960777743712
indiv607	1.58500212799501	2.11445306754731
indiv608	1.32212524929191	1.9334847193346
indiv609	-0.394873549854126	1.77307243548784
indiv610	-0.154231262138674	1.18405563271932
indiv611	1.50418020358956	2.46481378094422
indiv612	1.79959938702559	2.428248995322
indiv613	0.749748759786355	1.9061080694809
indiv614	-0.663796522613776	1.16238167435786
indiv615	-1.918265239892	1.05905006158955
indiv616	-1.56272494598772	1.0361240300815
indiv617	0.25865800686253	1.22142164637853
indiv618	0.996299214875053	2.06003617891267
indiv619	-0.819729261872188	1.24557496691064
indiv620	-1.57279677480143	1.05286475492994
indiv621	0.2413966841722	1.62195503097256
indiv622	0.178772125292164	1.72431903805657
indiv623	-0.550297483250807	1.68120136179303
indiv624	0.282733865904004	1.4291400374391
indiv625	-0.0825812891735686	1.2461504058247
indiv626	-0.22203006469156	1.0860529682512
indiv627	0.299563510547693	1.99017213414535
indiv628	-0.413318010032521	1.28765552730903
indiv629	1.8025769160661	2.22800359835425
indiv630	-0.522864211291334	1.61527828215367
indiv631	0.271323482170711	1.56686650884083
indiv632	0.570724864574694	1.73139886566585
indiv633	-1.05369167204829	1.63015847640057
indiv634	-0.530772354180643	1.16285366490416
indiv635	-1.22705947158557	1.21407278270633
indiv636	-0.157608094149863	1.91371575111727
indiv637	0.666200943372185	1.94769588844963
indiv638	-0.239365221739881	1.27838926225533
indiv639	-0.653803993427461	1.18913634626641
indiv640	0.244089967811843	1.5843883425249
indiv641	0.453630225100969	1.82086983161887
indiv642	-0.831481223227942	1.22916860240332
indiv643	0.0177244114417192	1.70519494149572
indiv644	-1.67288724476269	1.01510408090364
indiv645	0.619457025535844	1.94830447104795
indiv646	0.195449277486851	1.57971386793727
indiv647	-0.274486372771	1.29664124583676
indiv648	-0.611056985426872	1.1830019564476
indiv649	-0.761743130409168	1.24729377243112
indiv650	1.24725759181218	2.19375417012442
indiv651	-0.297449183504615	1.36131657475454
indiv652	-1.63193878460254	1.0343153806207
indiv653	0.439614990205397	1.50802627227284
indiv654	-0.980990212944079	1.05321890639938
indiv655	-1.58822041212309	1.00318986603834
indiv656	-0.162252855460615	1.27922148036705
indiv657	0.402593299263171	1.69085090889881
indiv658	-0.132921446241329	1.71907482105687
indiv659	-0.496088297804404	1.24123729860738
indiv660	-1.22606013022915	1.00331555229895
indiv661	-0.853107719803578	1.29266928214757
indiv662	-0.635208343147987	1.12533684969876
indiv663	-0.200762682193589	1.36938991260452
indiv664	-1.8682660365613	1.03656889387024
indiv665	-1.40042172105521	1.22120398530406
indiv666	-0.272538739525056	1.74007646252649
indiv667	-0.883087481114988	1.61189323434749
indiv668	-2.04368044319199	1.00617625290987
indiv669	1.83594426042564	2.10825154454214
indiv670	-1.65866033960953	1.09010499602455
indiv671	1.70066105764933	2.19239437770032
indiv672	1.44519285417785	2.18037350941596
indiv673	-0.0116637150738275	1.86659904323398
indiv674	0.143378067062688	1.48134412893634
indiv675	-1.04303548586462	1.14312537724852
indiv676	0.691691421934595	1.9294291203145
indiv677	-0.970546340889547	1.15128126598198
indiv678	2.21109048146303	2.46865545785146
indiv679	1.00365454139724	2.16648197636048
indiv680	-1.96510602002364	1.12575091850478
indiv681	-0.226543903195061	1.30374170964221
indiv682	0.0924945658068074	2.10557451274381
indiv683	0.556841994507691	1.74968738209872
indiv684	-0.803366019839292	1.24204533117722
indiv685	-1.07445856151322	1.21343712637963
indiv686	-0.561194744003227	1.28174142234884
indiv687	-0.40445561606736	1.17427465802114
indiv688	0.102690536191087	2.12306786115711
indiv689	-0.917846611316387	1.09207895909937
indiv690	-0.703749952853008	1.29343648949766
indiv691	-0.193727030296784	1.65643868342224
indiv692	0.89411546366745	1.92173330173911
indiv693	0.934668234557514	1.961404222522
indiv694	0.913237971103198	1.76810793924155
indiv695	-0.0844734818800993	1.65979004072848
indiv696	-0.416429186001462	1.33784476777934
indiv697	0.582048164163992	1.22886646751182
indiv698	-0.193875353659388	1.34456284194411
indiv699	-0.772987585482843	1.07104215510545
indiv700	0.46108895549594	1.3472852678292
indiv701	0.586753827831808	1.84664412217184
indiv702	-0.152417618966334	1.13774086344867
indiv703	-0.293818284413635	1.30042138531777
indiv704	-1.69761456569943	1.0824178682886
indiv705	1.26882432482267	2.30048897340458
indiv706	0.387033973701889	1.9544715247635
indiv707	1.73106937731556	2.34878368341278
indiv708	-0.572887195813912	1.67820125370361
indiv709	1.5951445064138	2.21517136304621
indiv710	-0.871860938568259	1.61150716982239
indiv711	1.69286553672295	2.02711707302127
indiv712	0.0772930992375089	1.5085207968126
indiv713	0.407877785648432	1.94991138912658
indiv714	-0.95670835232601	1.39334378799338
indiv715	-0.0347426422338422	1.76506536960808
indiv716	-1.18067662140134	1.522587834824
indiv717	-1.24019430724642	1.3777424441563
indiv718	-0.188890690933915	1.30894769835184
indiv719	0.538481063225617	1.91689881003832
indiv720	1.37063833050575	1.92079457972738
indiv721	-2.0516677662301	1.09012714929196
indiv722	-0.0857322724355875	1.80075845430646
indiv723	0.785367689889167	1.45000519052073
indiv724	0.589022661171791	1.87329312928989
indiv725	1.05986374185933	2.09804402140207
indiv726	0.368257579205128	1.97304176678119
indiv727	0.982155316814387	2.05227921923396
indiv728	-0.733726653194106	1.19367472436796
indiv729	-1.09763715727703	1.06973304271411
indiv730	0.564764548744697	2.03310136527206
indiv731	0.022246855555728	1.20600598010998
indiv732	0.15516635728145	1.25343213690389
indiv733	1.44172474633339	2.01504926415114
indiv734	-0.809103488167707	1.19211798505494
indiv735	-0.326392755813326	1.30113257793808
indiv736	0.733504663127016	2.0609936946105
indiv737	1.23015841855665	1.91299303285472
indiv738	0.202755039117257	1.4549895438754
indiv739	0.830603392307282	2.01082996902791
indiv740	-0.0350234881468661	1.28677321015683
indiv741	-0.270656332642523	1.51849938766045
indiv742	-1.16473744759913	1.0968534588485
indiv743	2.92778719765487	2.450266480706
indiv744	-0.856724897322594	1.24470298966354
indiv745	-1.16650407577298	1.2340438023469
indiv746	1.82147433126412	2.46354405749608
indiv747	1.60437767299447	1.98645690872727
indiv748	-0.158538977253722	1.30508797629051
indiv749	-0.563683193091913	1.51122369641789
indiv750	0.366548447059249	1.69875457548807
indiv751	-1.29439845821017	1.05253543497783
indiv752	0.158228814880349	1.75724594459177
indiv753	0.904474218725195	1.44281370880103
indiv754	-1.35238554855169	1.01898965434325
indiv755	-1.05722870427626	1.17672692665382
indiv756	-0.0813225384153153	1.62498599245102
indiv757	-0.882444610888533	1.26456026027451
indiv758	-0.461952518249061	1.80834620948156
indiv759	-1.16137750652085	1.08110967570042
indiv760	-0.764931374250548	1.29904578064183
indiv761	-0.972842392196549	1.04603316889607
indiv762	0.0572138124294308	1.39089119610459
indiv763	-0.604818889097346	1.29444723991088
indiv764	-0.6608003828209	1.01182370689115
indiv765	1.43202680150177	2.31791532987701
indiv766	0.736142509603701	1.72501296707719
indiv767	-0.315419575118394	1.6229318757565
indiv768	-0.889765145544659	1.17051940513277
indiv769	2.02028634160613	2.48138540962648
indiv770	0.299747328577346	1.29299585352205
indiv771	0.930906621804053	1.2472508901237
indiv772	-0.267581822832909	1.42176690897603
indiv773	0.386532308838878	1.88484998069994
indiv774	-0.661229888729319	1.06150875667658
indiv775	1.26788690736264	2.14685728937184
indiv776	0.288922058409326	1.46356903304462
indiv777	-0.484699094506059	1.76561886514907
indiv778	0.119772039256977	1.8145274487383
indiv779	-0.327888332931848	1.63732047944395
indiv780	-0.0716689909036957	1.34527474963873
indiv781	-0.0406714228072029	1.14628853115902
indiv782	0.621037248312683	2.04319843603203
indiv783	-1.13136161241292	1.59451762257374
indiv784	1.07522184986751	2.02418000291327
indiv785	1.54178117966508	2.36795057556454
indiv786	-0.288848676621567	1.65228056498379
indiv787	1.04328396399578	1.98380889000309
indiv788	-1.26191177326885	1.40289585073091
indiv789	-0.377616980420575	1.32820378993166
indiv790	0.628118282015855	1.96725762026172
indiv791	-0.479842193036498	1.1564444264996
indiv792	-0.721922668264596	1.20482201834574
indiv793	-0.314164624679829	1.77523086737479
indiv794	0.91031959666379	1.56678386944704
indiv795	-0.804088787682923	1.1435321766694
indiv796	1.03473413703133	2.09083418508703
indiv797	0.0837547671671403	1.55132007180303
indiv798	-1.19809786845175	1.12249433895306
indiv799	-1.34007372888817	1.16871130886231
indiv800	0.0379662942778962	1.96218754746146
indiv801	-0.582570483953653	1.68233627590975
indiv802	-1.44451735355658	1.16157184167013
indiv803	-0.447643362860639	1.5708935355654
indiv804	-0.353730225535117	1.05343709603539
indiv805	0.550633358388405	1.52910222817839
indiv806	1.20388648043859	2.02921400548928
indiv807	-1.26617270078728	1.16897358793479
indiv808	0.898137410333534	2.09458961377191
indiv809	0.38307172156394	1.38442286803648
indiv810	-0.156878861082553	1.35870851861656
indiv811	0.935350307220176	1.51281264732565
indiv812	-0.248060529984001	1.20089666343407
indiv813	0.215012605486454	1.50034073072973
indiv814	-0.887826427084566	1.22555368096837
indiv815	0.0277650975348929	1.07702123005348
indiv816	0.442584194649056	1.9198191509152
indiv817	0.213555185051269	1.79173731114591
indiv818	-0.17833417105798	1.3153893197201
indiv819	-0.54067236913778	1.28568219190275
indiv820	-0.67478560480791	1.29603718451773
indiv821	0.614502761147419	2.17587255863225
indiv822	0.479596764479505	1.36492765671825
indiv823	-1.94243612919044	1.00581731444227
indiv824	0.722917823727213	1.846953487159
indiv825	0.301270912461465	1.24877699853246
indiv826	0.994408249746666	1.86420824298729
indiv827	0.591822213509166	1.96278931749538
indiv828	0.952371679924349	2.1945313598793
indiv829	-1.53936789294522	1.1046146943449
indiv830	0.353032457221518	1.8402252355189
indiv831	-0.0372149171866814	1.74548145058043
indiv832	-0.100041573580817	1.30494437123666
indiv833	0.0973891597281326	1.86386781766255
indiv834	1.31427604057571	2.10267149884405
indiv835	0.494991787455986	1.76512007668111
indiv836	-0.17451070780228	1.17270267755029
indiv837	1.19844823154672	1.38022473800798
indiv838	0.406849111376491	1.83246221661589
indiv839	-0.65512263228901	1.25669958167957
indiv840	-1.06551128100892	1.09776733850224
indiv841	-1.84753329199209	1.09207697016412
indiv842	-0.238051778815184	1.27201446429174
indiv843	-1.74120946662999	0.995172578953022
indiv844	0.83253088853796	1.94778400942185
indiv845	-0.434229211870323	1.27466526741335
indiv846	-0.387239460591295	1.81991665159477
indiv847	0.516527816508486	1.8970990335101
indiv848	-1.00344006013891	1.60332452813848
indiv849	0.870357694246752	1.86081466745572
indiv850	-1.92650439228356	1.09591516075538
indiv851	-0.735902111889329	1.17684611340363
indiv852	1.56037879886407	2.24891537911559
indiv853	-1.51193759294173	1.16032449738785
indiv854	0.518856763973395	1.65492349395041
indiv855	-0.796090305477446	1.60318094912495
indiv856	0.459471320212592	1.98414911222881
indiv857	-0.659372617395907	1.16225269859757
indiv858	1.09423674241864	2.21265044267248
indiv859	-1.0094483935736	1.22499318558843
indiv860	-1.29963916519953	0.996793623972147
indiv861	0.689698975981671	2.07824474684318
indiv862	-0.138489119426019	1.25226146949921
indiv863	0.572533157187127	2.02915066140404
indiv864	-0.162639105260245	1.82105967810074
indiv865	-0.602347570701512	1.21196602091354
indiv866	1.51466991659249	2.17911327354697
indiv867	-0.103735114686496	1.64417086740295
indiv868	0.343656557334746	1.84769684236022
indiv869	-2.23611049487737	1.04320939725961
indiv870	-0.248597339960337	1.11073551078957
indiv871	-0.24759973980574	1.28771983433903
indiv872	-0.340639350877427	1.74443685366837
indiv873	0.830296639115039	2.07252571529794
indiv874	0.599177604348166	1.48953827452813
indiv875	-0.195060663074174	1.92087454985835
indiv876	1.92124217253029	2.34990837034589
indiv877	-0.437337010057405	1.5310766026021
indiv878	1.00241970407264	1.85516327151669
indiv879	0.179173865695464	1.27174397954351
indiv880	-1.46632923052281	1.06430609342035
indiv881	0.792469218359985	2.1082098476554
indiv882	-1.7115474712259	1.05950883658347
indiv883	0.491348122332224	1.97013193464776
indiv884	0.496524188924323	1.72502377086608
indiv885	2.2570584260979	2.2549121241366
indiv886	-0.328511147250598	1.15117790339174
indiv887	-0.0398159757410825	2.03556359198668
indiv888	1.65748839859707	2.2105969571456
indiv889	0.68278656673493	1.77437584438218
indiv890	1.35347134745971	2.11844064197073
indiv891	-1.79743868073666	1.02385550468379
indiv892	1.29083756399726	2.00383852608594
indiv893	2.02470071736145	2.40083481957995
indiv894	-0.979462059094725	1.03754346258991
indiv895	-0.375943768738034	1.30168257740577
indiv896	1.95784277484243	2.34405132875496
indiv897	-1.25074869389911	1.03891030079927
indiv898	-0.0898676397837405	1.69212928197763
indiv899	1.21822304274639	1.89340062545957
indiv900	0.200625172651707	1.30965820028949
indiv901	-0.248579844453533	2.17436814900835
indiv902	0.687671661068067	2.05999991646926
indiv903	-0.388207919786044	1.83618455420152
indiv904	-0.566992346610171	1.13279656268322
indiv905	0.808546000553942	2.10333831642691
indiv906	0.901527885098254	1.88267881455859
indiv907	0.961332061264818	1.98469013462397
indiv908	0.244381923460053	1.80294189661051
indiv909	-1.59289623871563	0.986884528065695
indiv910	0.435319068566278	1.93985834146698
indiv911	-0.47664496689101	1.20506533004637
indiv912	-0.946830700784317	1.25239799706582
indiv913	-0.0499190599139491	1.25159829957663
indiv914	-1.36738742029234	1.07474368140222
indiv915	-1.25715618064024	1.13010302790052
indiv916	0.61692628242841	2.00840484396659
indiv917	0.937776891771113	1.71446429334872
indiv918	-0.590907949543966	1.8110776685704
indiv919	0.237956140498659	1.87014382458842
indiv920	0.609880771456172	1.9273627122547
indiv921	-0.066165922532192	1.78311346598357
indiv922	-0.718442478604922	1.21813612766457
indiv923	0.501398049400686	1.82816974308509
indiv924	-0.519815899727041	1.18778767035899
indiv925	0.758271186776981	2.14412431107172
indiv926	0.802271621850955	1.90415562826659
indiv927	-0.139539523838018	1.28728160146735
indiv928	1.24605416893126	2.05951830469739
indiv929	-0.0357791353305429	1.93696154905716
indiv930	-0.65487582488673	1.28501520530675
indiv931	0.954445940289045	2.11686081947831
indiv932	-0.318013334241392	1.15050941301246
indiv933	0.478921238841661	1.98680703403833
indiv934	-1.72019687154276	1.05588909587368
indiv935	-0.191108545821366	1.20250670505205
indiv936	-0.347315332830358	1.52974882168301
indiv937	0.224515350111155	2.02859977776391
indiv938	0.625028625174405	1.58267588677744
indiv939	1.18538860389464	1.87756621790322
indiv940	-0.12690759901203	1.92458321230521
indiv941	-0.348595637589343	1.01574802749649
indiv942	-1.13489131373099	1.27738121780739
indiv943	0.461205974179228	1.85474312147523
indiv944	-0.974004943414955	1.24844791211932
indiv945	0.975313081530511	2.16826100045429
indiv946	-1.74413003374089	0.983921855108994
indiv947	0.706294011021485	1.90794288923425
indiv948	-0.267443511181636	1.42680033044559
indiv949	-1.87795257114001	1.21428960252492
indiv950	-0.935826364288179	1.12620263402927
indiv951	-0.156292025837816	1.79878714498975
indiv952	-0.43513329143006	1.21617563819557
indiv953	-0.543750628949696	1.67564920890712
indiv954	0.245245605260697	1.30976728865109
indiv955	-1.23564469659125	1.05080745120011
indiv956	0.58299201694917	1.43553899690109
indiv957	-1.00600964752012	1.22266388423317
indiv958	1.79656291963762	2.51815206146271
indiv959	0.776200058276278	1.94538308720927
indiv960	-0.218520183890105	1.30657580687352
indiv961	0.8126843047544	1.35393589591912
indiv962	-2.23815567510649	1.04758094584077
indiv963	-0.747326684427793	1.07651545511069
indiv964	-1.18233762606858	1.06041734637539
indiv965	0.316302021129016	1.66210241802624
indiv966	-0.785294965719689	1.1607407556878
indiv967	-1.16440118805845	1.40389304324417
indiv968	-1.32987589767907	0.989985644046334
indiv969	-0.749317132700157	1.50464990819822
indiv970	-1.6892132066603	1.05937867848883
indiv971	-0.0290226669770384	1.8178134224585
indiv972	-0.799144733348182	1.14823857119332
indiv973	0.62048895326665	1.20047673941962
indiv974	-0.690307053948607	1.15458277820075
indiv975	-1.08886102222712	1.19695247253455
indiv976	1.3135490518551	1.85212469685437
indiv977	0.867905266263099	2.13226740183064
indiv978	0.808838007265598	2.19763668162245
indiv979	0.0469360531052692	1.9604490631012
indiv980	-0.798074119464036	1.2247543706753
indiv981	0.524117828317048	1.24332427244242
indiv982	0.343767231840682	1.67478258059545
indiv983	1.11507704349874	1.99298445611439
indiv984	-0.190163016154751	1.28578485286976
indiv985	-0.840233378086932	1.10763886268955
indiv986	1.364641684528	2.13074780193958
indiv987	-0.504063733304457	1.19521363932439
indiv988	0.352319060799179	1.80590439642018
indiv989	0.627922482732539	1.76969865304555
indiv990	1.52759210397916	2.37528338208828
indiv991	0.565582363105547	1.87411677188024
indiv992	-0.341437071713786	1.75157550677398
indiv993	0.738119864034353	1.34456773949427
indiv994	-0.14890053281579	1.1371970902866
indiv995	0.317757393826253	2.19029740041384
indiv996	0.363620788161891	1.48651946078624
indiv997	1.17306768812385	2.06423591461155
indiv998	-0.391827916756087	1.1908443454697
indiv999	1.31655220895463	2.07824647614079
indiv1000	0.288710280374124	1.9047302297295
